timestamp_unix,timestamp_iso,temp_c,humidity,precip_1h_mm
1740001997,2025-02-19T15:53:17,21.0,83.4,0.0
1740005597,2025-02-19T16:53:17,7.3,70.5,0.1
1740009197,2025-02-19T17:53:17,17.9,75.2,0.0
1740012797,2025-02-19T18:53:17,10.0,69.0,0.0
1740016397,2025-02-19T19:53:17,17.3,48.2,0.0
1740019997,2025-02-19T20:53:17,12.4,88.3,0.0
1740023597,2025-02-19T21:53:17,11.1,74.1,0.0
1740027197,2025-02-19T22:53:17,19.0,84.1,0.1
1740030797,2025-02-19T23:53:17,7.8,84.9,0.0
1740034397,2025-02-20T00:53:17,20.1,44.1,0.0
1740037997,2025-02-20T01:53:17,7.1,73.6,0.5
1740041597,2025-02-20T02:53:17,20.2,53.7,0.0
1740045197,2025-02-20T03:53:17,13.3,74.6,0.2
1740048797,2025-02-20T04:53:17,8.2,61.4,0.0
1740052397,2025-02-20T05:53:17,10.4,44.9,2.0
1740055997,2025-02-20T06:53:17,12.8,79.3,0.0
1740059597,2025-02-20T07:53:17,11.8,40.8,0.1
1740063197,2025-02-20T08:53:17,20.9,76.3,2.0
1740066797,2025-02-20T09:53:17,10.5,68.6,0.5
1740070397,2025-02-20T10:53:17,15.1,65.5,0.0
1740073997,2025-02-20T11:53:17,20.5,79.3,1.0
1740077597,2025-02-20T12:53:17,12.0,88.3,0.0
1740081197,2025-02-20T13:53:17,18.3,53.5,0.0
1740084797,2025-02-20T14:53:17,15.8,81.0,0.0
1740088397,2025-02-20T15:53:17,16.5,54.7,0.0
1740091997,2025-02-20T16:53:17,21.7,60.0,0.0
1740095597,2025-02-20T17:53:17,21.8,43.8,0.0
1740099197,2025-02-20T18:53:17,13.6,67.3,0.0
1740102797,2025-02-20T19:53:17,17.9,66.4,1.0
1740106397,2025-02-20T20:53:17,7.6,51.8,0.1
1740109997,2025-02-20T21:53:17,13.9,53.6,0.0
1740113597,2025-02-20T22:53:17,9.2,58.2,0.0
1740117197,2025-02-20T23:53:17,22.0,84.9,0.0
1740120797,2025-02-21T00:53:17,9.8,71.8,0.0
1740124397,2025-02-21T01:53:17,16.7,44.2,2.0
1740127997,2025-02-21T02:53:17,15.2,48.5,0.0
1740131597,2025-02-21T03:53:17,10.5,90.6,0.0
1740135197,2025-02-21T04:53:17,17.4,44.2,0.0
1740138797,2025-02-21T05:53:17,13.8,72.4,0.0
1740142397,2025-02-21T06:53:17,7.9,44.4,0.0
1740145997,2025-02-21T07:53:17,8.6,51.3,0.0
1740149597,2025-02-21T08:53:17,10.9,83.9,0.1
1740153197,2025-02-21T09:53:17,12.9,66.2,0.0
1740156797,2025-02-21T10:53:17,11.0,44.8,0.0
1740160397,2025-02-21T11:53:17,15.7,61.8,0.0
1740163997,2025-02-21T12:53:17,12.6,84.0,0.0
1740167597,2025-02-21T13:53:17,21.2,63.8,0.0
1740171197,2025-02-21T14:53:17,20.1,73.9,0.0
1740174797,2025-02-21T15:53:17,19.6,83.7,0.0
1740178397,2025-02-21T16:53:17,15.2,42.0,0.0
1740181997,2025-02-21T17:53:17,20.7,41.9,0.0
1740185597,2025-02-21T18:53:17,15.3,56.0,0.0
1740189197,2025-02-21T19:53:17,17.1,60.7,0.2
1740192797,2025-02-21T20:53:17,11.5,47.4,0.1
1740196397,2025-02-21T21:53:17,15.1,74.8,0.0
1740199997,2025-02-21T22:53:17,16.9,51.5,0.0
1740203597,2025-02-21T23:53:17,14.9,45.3,0.0
1740207197,2025-02-22T00:53:17,17.4,63.5,0.0
1740210797,2025-02-22T01:53:17,18.0,46.9,0.0
1740214397,2025-02-22T02:53:17,19.3,57.3,0.0
1740217997,2025-02-22T03:53:17,16.1,75.0,0.0
1740221597,2025-02-22T04:53:17,12.1,47.5,0.5
1740225197,2025-02-22T05:53:17,12.4,92.7,0.0
1740228797,2025-02-22T06:53:17,21.1,74.5,0.0
1740232397,2025-02-22T07:53:17,10.6,81.0,0.0
1740235997,2025-02-22T08:53:17,8.1,47.6,0.1
1740239597,2025-02-22T09:53:17,16.2,70.1,0.0
1740243197,2025-02-22T10:53:17,10.4,41.9,1.0
1740246797,2025-02-22T11:53:17,15.3,71.1,0.0
1740250397,2025-02-22T12:53:17,21.0,78.2,0.0
1740253997,2025-02-22T13:53:17,13.9,82.1,0.0
1740257597,2025-02-22T14:53:17,12.1,80.1,0.0
1740261197,2025-02-22T15:53:17,20.3,68.8,0.0
1740264797,2025-02-22T16:53:17,18.9,62.7,0.0
1740268397,2025-02-22T17:53:17,11.1,65.2,0.0
1740271997,2025-02-22T18:53:17,12.3,91.4,0.0
1740275597,2025-02-22T19:53:17,12.6,41.4,0.0
1740279197,2025-02-22T20:53:17,19.4,76.6,1.0
1740282797,2025-02-22T21:53:17,15.0,94.9,0.0
1740286397,2025-02-22T22:53:17,17.4,44.1,0.0
1740289997,2025-02-22T23:53:17,17.4,73.2,0.0
1740293597,2025-02-23T00:53:17,12.2,79.8,0.0
1740297197,2025-02-23T01:53:17,20.4,80.2,0.0
1740300797,2025-02-23T02:53:17,20.8,90.5,1.0
1740304397,2025-02-23T03:53:17,10.7,82.0,2.0
1740307997,2025-02-23T04:53:17,19.5,69.7,0.0
1740311597,2025-02-23T05:53:17,12.0,68.8,0.2
1740315197,2025-02-23T06:53:17,16.2,60.1,0.0
1740318797,2025-02-23T07:53:17,20.3,79.1,0.0
1740322397,2025-02-23T08:53:17,22.0,48.8,0.1
1740325997,2025-02-23T09:53:17,11.1,54.5,0.0
1740329597,2025-02-23T10:53:17,15.8,92.8,0.0
1740333197,2025-02-23T11:53:17,11.0,87.8,0.0
1740336797,2025-02-23T12:53:17,10.1,54.6,0.0
1740340397,2025-02-23T13:53:17,22.1,69.9,0.0
1740343997,2025-02-23T14:53:17,18.1,71.3,0.0
1740347597,2025-02-23T15:53:17,10.1,58.8,0.1
1740351197,2025-02-23T16:53:17,8.4,66.5,0.0
1740354797,2025-02-23T17:53:17,21.1,61.7,0.0
1740358397,2025-02-23T18:53:17,12.7,79.1,0.0
1740361997,2025-02-23T19:53:17,20.5,50.0,2.0
1740365597,2025-02-23T20:53:17,18.5,42.9,0.0
1740369197,2025-02-23T21:53:17,13.0,72.9,0.0
1740372797,2025-02-23T22:53:17,14.1,55.0,0.0
1740376397,2025-02-23T23:53:17,8.1,89.5,0.0
1740379997,2025-02-24T00:53:17,9.5,94.8,0.0
1740383597,2025-02-24T01:53:17,10.3,66.6,0.0
1740387197,2025-02-24T02:53:17,7.8,93.9,0.1
1740390797,2025-02-24T03:53:17,9.7,90.9,0.5
1740394397,2025-02-24T04:53:17,20.5,59.6,0.1
1740397997,2025-02-24T05:53:17,15.2,42.1,0.0
1740401597,2025-02-24T06:53:17,9.5,65.4,0.0
1740405197,2025-02-24T07:53:17,15.2,71.3,0.0
1740408797,2025-02-24T08:53:17,21.8,57.4,0.0
1740412397,2025-02-24T09:53:17,13.3,75.8,0.0
1740415997,2025-02-24T10:53:17,21.8,65.5,0.1
1740419597,2025-02-24T11:53:17,22.3,41.4,0.0
1740423197,2025-02-24T12:53:17,19.6,48.2,0.0
1740426797,2025-02-24T13:53:17,11.9,43.6,0.0
1740430397,2025-02-24T14:53:17,21.7,81.1,0.0
1740433997,2025-02-24T15:53:17,7.7,61.8,0.5
1740437597,2025-02-24T16:53:17,14.0,72.9,0.0
1740441197,2025-02-24T17:53:17,15.9,46.6,0.0
1740444797,2025-02-24T18:53:17,16.3,57.0,0.2
1740448397,2025-02-24T19:53:17,20.3,69.2,0.0
1740451997,2025-02-24T20:53:17,22.0,78.2,0.0
1740455597,2025-02-24T21:53:17,8.0,75.2,0.0
1740459197,2025-02-24T22:53:17,13.8,53.3,0.1
1740462797,2025-02-24T23:53:17,17.0,73.2,0.0
1740466397,2025-02-25T00:53:17,14.8,40.6,0.0
1740469997,2025-02-25T01:53:17,8.1,82.4,0.0
1740473597,2025-02-25T02:53:17,15.6,52.1,0.0
1740477197,2025-02-25T03:53:17,18.3,79.2,0.0
1740480797,2025-02-25T04:53:17,9.8,55.5,0.0
1740484397,2025-02-25T05:53:17,20.0,62.9,0.0
1740487997,2025-02-25T06:53:17,17.3,40.8,2.0
1740491597,2025-02-25T07:53:17,15.8,54.3,0.1
1740495197,2025-02-25T08:53:17,11.7,43.5,0.0
1740498797,2025-02-25T09:53:17,20.9,61.1,0.2
1740502397,2025-02-25T10:53:17,10.5,48.8,0.1
1740505997,2025-02-25T11:53:17,11.6,58.2,0.0
1740509597,2025-02-25T12:53:17,14.8,55.5,0.0
1740513197,2025-02-25T13:53:17,18.7,54.7,0.0
1740516797,2025-02-25T14:53:17,15.6,94.3,0.1
1740520397,2025-02-25T15:53:17,22.8,83.0,0.0
1740523997,2025-02-25T16:53:17,13.7,54.8,0.0
1740527597,2025-02-25T17:53:17,19.8,45.6,0.0
1740531197,2025-02-25T18:53:17,18.2,69.6,0.0
1740534797,2025-02-25T19:53:17,11.2,85.5,0.0
1740538397,2025-02-25T20:53:17,13.6,64.6,2.0
1740541997,2025-02-25T21:53:17,9.3,50.5,0.0
1740545597,2025-02-25T22:53:17,21.4,78.8,0.1
1740549197,2025-02-25T23:53:17,11.4,81.8,0.0
1740552797,2025-02-26T00:53:17,22.2,56.4,0.0
1740556397,2025-02-26T01:53:17,19.9,52.8,0.0
1740559997,2025-02-26T02:53:17,12.6,66.1,0.0
1740563597,2025-02-26T03:53:17,20.6,71.2,0.0
1740567197,2025-02-26T04:53:17,17.4,73.8,0.0
1740570797,2025-02-26T05:53:17,19.3,63.3,0.0
1740574397,2025-02-26T06:53:17,12.8,45.6,0.0
1740577997,2025-02-26T07:53:17,14.0,79.1,0.0
1740581597,2025-02-26T08:53:17,9.9,62.8,0.0
1740585197,2025-02-26T09:53:17,14.9,87.2,0.0
1740588797,2025-02-26T10:53:17,19.9,87.5,0.0
1740592397,2025-02-26T11:53:17,10.4,56.5,0.0
1740595997,2025-02-26T12:53:17,21.8,45.6,0.0
1740599597,2025-02-26T13:53:17,18.3,58.1,0.1
1740603197,2025-02-26T14:53:17,15.2,88.1,0.0
1740606797,2025-02-26T15:53:17,15.6,41.4,0.0
1740610397,2025-02-26T16:53:17,21.5,43.2,2.0
1740613997,2025-02-26T17:53:17,19.8,93.3,0.0
1740617597,2025-02-26T18:53:17,13.7,91.4,0.0
1740621197,2025-02-26T19:53:17,17.5,40.4,0.1
1740624797,2025-02-26T20:53:17,18.9,60.1,0.0
1740628397,2025-02-26T21:53:17,13.6,71.0,0.1
1740631997,2025-02-26T22:53:17,11.4,54.2,0.2
1740635597,2025-02-26T23:53:17,18.5,50.9,0.1
1740639197,2025-02-27T00:53:17,21.5,47.7,0.2
1740642797,2025-02-27T01:53:17,20.3,70.2,0.0
1740646397,2025-02-27T02:53:17,18.4,60.3,0.1
1740649997,2025-02-27T03:53:17,19.8,70.4,0.0
1740653597,2025-02-27T04:53:17,8.2,94.6,0.0
1740657197,2025-02-27T05:53:17,21.8,70.0,0.5
1740660797,2025-02-27T06:53:17,9.0,75.2,0.0
1740664397,2025-02-27T07:53:17,18.3,65.8,0.0
1740667997,2025-02-27T08:53:17,15.6,42.2,1.0
1740671597,2025-02-27T09:53:17,8.8,78.2,0.0
1740675197,2025-02-27T10:53:17,22.2,53.2,0.0
1740678797,2025-02-27T11:53:17,15.7,59.0,0.2
1740682397,2025-02-27T12:53:17,9.7,60.5,0.0
1740685997,2025-02-27T13:53:17,15.9,48.0,0.0
1740689597,2025-02-27T14:53:17,13.6,62.0,0.0
1740693197,2025-02-27T15:53:17,12.4,42.9,0.0
1740696797,2025-02-27T16:53:17,9.2,55.9,0.0
1740700397,2025-02-27T17:53:17,14.4,85.5,0.0
1740703997,2025-02-27T18:53:17,19.5,53.3,0.0
1740707597,2025-02-27T19:53:17,23.1,83.4,0.0
1740711197,2025-02-27T20:53:17,13.6,80.5,0.0
1740714797,2025-02-27T21:53:17,14.6,49.4,0.0
1740718397,2025-02-27T22:53:17,18.2,84.3,2.0
1740721997,2025-02-27T23:53:17,20.7,65.0,1.0
1740725597,2025-02-28T00:53:17,22.0,48.2,0.0
1740729197,2025-02-28T01:53:17,10.9,47.5,0.0
1740732797,2025-02-28T02:53:17,21.2,90.6,0.0
1740736397,2025-02-28T03:53:17,17.2,41.3,0.0
1740739997,2025-02-28T04:53:17,22.9,61.4,0.0
1740743597,2025-02-28T05:53:17,12.4,45.0,2.0
1740747197,2025-02-28T06:53:17,22.3,61.9,1.0
1740750797,2025-02-28T07:53:17,21.4,63.1,0.0
1740754397,2025-02-28T08:53:17,9.5,86.7,1.0
1740757997,2025-02-28T09:53:17,10.7,49.0,0.0
1740761597,2025-02-28T10:53:17,11.5,93.5,0.0
1740765197,2025-02-28T11:53:17,18.0,72.7,0.0
1740768797,2025-02-28T12:53:17,13.6,62.4,0.1
1740772397,2025-02-28T13:53:17,16.0,67.4,0.0
1740775997,2025-02-28T14:53:17,10.4,59.0,0.0
1740779597,2025-02-28T15:53:17,9.8,61.9,0.0
1740783197,2025-02-28T16:53:17,21.0,94.4,0.0
1740786797,2025-02-28T17:53:17,14.4,68.0,0.0
1740790397,2025-02-28T18:53:17,20.6,57.1,0.0
1740793997,2025-02-28T19:53:17,19.9,49.8,0.0
1740797597,2025-02-28T20:53:17,12.9,78.6,0.0
1740801197,2025-02-28T21:53:17,16.7,50.1,0.2
1740804797,2025-02-28T22:53:17,18.1,85.9,0.0
1740808397,2025-02-28T23:53:17,16.1,44.7,0.0
1740811997,2025-03-01T00:53:17,17.9,94.7,0.0
1740815597,2025-03-01T01:53:17,13.6,62.5,0.0
1740819197,2025-03-01T02:53:17,19.9,88.8,0.5
1740822797,2025-03-01T03:53:17,18.8,66.4,0.0
1740826397,2025-03-01T04:53:17,16.0,86.6,0.0
1740829997,2025-03-01T05:53:17,10.1,52.5,0.1
1740833597,2025-03-01T06:53:17,20.6,92.3,0.0
1740837197,2025-03-01T07:53:17,14.0,46.7,2.0
1740840797,2025-03-01T08:53:17,8.8,76.8,0.0
1740844397,2025-03-01T09:53:17,12.5,89.2,0.0
1740847997,2025-03-01T10:53:17,22.8,45.9,0.0
1740851597,2025-03-01T11:53:17,19.8,94.4,0.0
1740855197,2025-03-01T12:53:17,22.0,60.9,0.0
1740858797,2025-03-01T13:53:17,19.9,64.7,0.0
1740862397,2025-03-01T14:53:17,17.8,95.0,0.0
1740865997,2025-03-01T15:53:17,11.8,54.8,0.0
1740869597,2025-03-01T16:53:17,18.0,49.1,0.5
1740873197,2025-03-01T17:53:17,10.6,73.0,0.2
1740876797,2025-03-01T18:53:17,13.9,47.7,0.0
1740880397,2025-03-01T19:53:17,9.8,86.9,0.0
1740883997,2025-03-01T20:53:17,21.0,87.9,0.0
1740887597,2025-03-01T21:53:17,12.9,72.7,0.0
1740891197,2025-03-01T22:53:17,21.3,82.3,0.1
1740894797,2025-03-01T23:53:17,18.4,86.1,0.0
1740898397,2025-03-02T00:53:17,23.4,62.8,0.0
1740901997,2025-03-02T01:53:17,20.0,57.5,0.0
1740905597,2025-03-02T02:53:17,9.6,77.6,0.0
1740909197,2025-03-02T03:53:17,14.3,70.2,0.0
1740912797,2025-03-02T04:53:17,17.7,72.5,0.0
1740916397,2025-03-02T05:53:17,10.0,64.4,0.0
1740919997,2025-03-02T06:53:17,21.8,56.9,0.0
1740923597,2025-03-02T07:53:17,20.5,80.4,0.0
1740927197,2025-03-02T08:53:17,22.4,92.0,0.0
1740930797,2025-03-02T09:53:17,17.1,63.5,0.0
1740934397,2025-03-02T10:53:17,9.1,89.2,0.1
1740937997,2025-03-02T11:53:17,10.3,73.0,0.0
1740941597,2025-03-02T12:53:17,16.9,70.4,0.0
1740945197,2025-03-02T13:53:17,11.4,54.8,0.0
1740948797,2025-03-02T14:53:17,18.4,79.5,0.2
1740952397,2025-03-02T15:53:17,22.3,90.7,0.1
1740955997,2025-03-02T16:53:17,20.8,49.5,0.0
1740959597,2025-03-02T17:53:17,17.0,55.9,0.0
1740963197,2025-03-02T18:53:17,17.8,53.8,0.0
1740966797,2025-03-02T19:53:17,21.7,87.3,0.2
1740970397,2025-03-02T20:53:17,10.9,61.6,0.0
1740973997,2025-03-02T21:53:17,15.1,91.0,0.0
1740977597,2025-03-02T22:53:17,20.0,87.5,0.0
1740981197,2025-03-02T23:53:17,13.1,75.8,0.0
1740984797,2025-03-03T00:53:17,13.9,44.1,0.0
1740988397,2025-03-03T01:53:17,13.5,92.7,2.0
1740991997,2025-03-03T02:53:17,16.6,40.1,0.0
1740995597,2025-03-03T03:53:17,10.5,48.0,0.0
1740999197,2025-03-03T04:53:17,9.9,63.2,0.0
1741002797,2025-03-03T05:53:17,22.4,43.0,0.0
1741006397,2025-03-03T06:53:17,22.6,85.4,0.0
1741009997,2025-03-03T07:53:17,21.2,87.5,0.0
1741013597,2025-03-03T08:53:17,11.7,77.2,2.0
1741017197,2025-03-03T09:53:17,18.2,88.0,0.0
1741020797,2025-03-03T10:53:17,15.6,94.6,0.0
1741024397,2025-03-03T11:53:17,21.7,76.0,0.0
1741027997,2025-03-03T12:53:17,11.3,54.4,0.1
1741031597,2025-03-03T13:53:17,11.1,53.2,1.0
1741035197,2025-03-03T14:53:17,9.2,57.9,0.5
1741038797,2025-03-03T15:53:17,18.0,91.7,0.5
1741042397,2025-03-03T16:53:17,20.1,44.9,0.0
1741045997,2025-03-03T17:53:17,11.9,69.3,0.0
1741049597,2025-03-03T18:53:17,21.8,60.1,0.1
1741053197,2025-03-03T19:53:17,22.9,68.9,0.0
1741056797,2025-03-03T20:53:17,13.5,72.0,0.0
1741060397,2025-03-03T21:53:17,23.5,55.8,0.0
1741063997,2025-03-03T22:53:17,23.7,82.3,0.1
1741067597,2025-03-03T23:53:17,19.3,74.2,0.0
1741071197,2025-03-04T00:53:17,12.9,92.8,2.0
1741074797,2025-03-04T01:53:17,22.3,46.7,0.0
1741078397,2025-03-04T02:53:17,17.2,55.7,0.0
1741081997,2025-03-04T03:53:17,17.1,89.6,0.0
1741085597,2025-03-04T04:53:17,9.4,53.5,2.0
1741089197,2025-03-04T05:53:17,17.9,59.6,0.0
1741092797,2025-03-04T06:53:17,22.8,47.9,0.0
1741096397,2025-03-04T07:53:17,20.8,81.2,0.2
1741099997,2025-03-04T08:53:17,15.1,77.5,0.0
1741103597,2025-03-04T09:53:17,10.1,90.6,0.0
1741107197,2025-03-04T10:53:17,14.9,75.2,0.0
1741110797,2025-03-04T11:53:17,18.9,58.0,0.0
1741114397,2025-03-04T12:53:17,11.4,45.2,0.0
1741117997,2025-03-04T13:53:17,12.1,54.8,0.0
1741121597,2025-03-04T14:53:17,20.8,45.2,0.0
1741125197,2025-03-04T15:53:17,23.8,43.3,0.0
1741128797,2025-03-04T16:53:17,13.6,44.8,0.0
1741132397,2025-03-04T17:53:17,22.3,76.9,0.0
1741135997,2025-03-04T18:53:17,13.4,71.6,0.1
1741139597,2025-03-04T19:53:17,9.7,52.4,0.0
1741143197,2025-03-04T20:53:17,9.4,50.0,0.0
1741146797,2025-03-04T21:53:17,10.7,63.7,0.0
1741150397,2025-03-04T22:53:17,14.8,46.8,0.0
1741153997,2025-03-04T23:53:17,21.8,73.1,0.0
1741157597,2025-03-05T00:53:17,23.0,54.1,0.0
1741161197,2025-03-05T01:53:17,11.5,71.3,0.0
1741164797,2025-03-05T02:53:17,21.0,45.8,0.0
1741168397,2025-03-05T03:53:17,17.7,46.1,1.0
1741171997,2025-03-05T04:53:17,13.3,42.6,0.0
1741175597,2025-03-05T05:53:17,20.6,93.5,0.0
1741179197,2025-03-05T06:53:17,18.7,77.5,0.2
1741182797,2025-03-05T07:53:17,10.7,53.0,0.1
1741186397,2025-03-05T08:53:17,12.4,61.3,0.0
1741189997,2025-03-05T09:53:17,20.5,57.5,0.1
1741193597,2025-03-05T10:53:17,16.4,69.9,0.0
1741197197,2025-03-05T11:53:17,21.1,50.1,0.0
1741200797,2025-03-05T12:53:17,9.5,58.0,0.0
1741204397,2025-03-05T13:53:17,9.8,68.5,0.0
1741207997,2025-03-05T14:53:17,8.9,44.3,0.5
1741211597,2025-03-05T15:53:17,12.8,82.1,0.0
1741215197,2025-03-05T16:53:17,16.1,86.5,0.0
1741218797,2025-03-05T17:53:17,20.7,50.6,0.2
1741222397,2025-03-05T18:53:17,22.1,91.2,0.0
1741225997,2025-03-05T19:53:17,19.1,93.9,0.5
1741229597,2025-03-05T20:53:17,9.4,88.1,0.0
1741233197,2025-03-05T21:53:17,13.4,61.4,0.2
1741236797,2025-03-05T22:53:17,16.4,55.3,0.0
1741240397,2025-03-05T23:53:17,22.9,76.7,0.1
1741243997,2025-03-06T00:53:17,10.7,90.6,0.0
1741247597,2025-03-06T01:53:17,15.7,57.0,0.0
1741251197,2025-03-06T02:53:17,20.2,77.8,0.0
1741254797,2025-03-06T03:53:17,9.3,71.4,0.0
1741258397,2025-03-06T04:53:17,18.2,64.7,0.1
1741261997,2025-03-06T05:53:17,13.5,71.0,1.0
1741265597,2025-03-06T06:53:17,16.9,41.2,0.2
1741269197,2025-03-06T07:53:17,20.5,71.3,0.0
1741272797,2025-03-06T08:53:17,16.5,77.8,0.2
1741276397,2025-03-06T09:53:17,10.9,47.3,0.0
1741279997,2025-03-06T10:53:17,22.2,79.3,2.0
1741283597,2025-03-06T11:53:17,12.9,77.4,0.1
1741287197,2025-03-06T12:53:17,18.2,46.9,0.2
1741290797,2025-03-06T13:53:17,9.5,52.9,0.1
1741294397,2025-03-06T14:53:17,13.2,41.6,0.0
1741297997,2025-03-06T15:53:17,19.1,62.1,0.0
1741301597,2025-03-06T16:53:17,18.4,90.1,0.0
1741305197,2025-03-06T17:53:17,21.1,82.9,0.0
1741308797,2025-03-06T18:53:17,19.2,72.0,0.2
1741312397,2025-03-06T19:53:17,13.1,56.4,0.0
1741315997,2025-03-06T20:53:17,14.4,81.3,0.1
1741319597,2025-03-06T21:53:17,23.6,66.4,0.0
1741323197,2025-03-06T22:53:17,12.7,88.0,0.0
1741326797,2025-03-06T23:53:17,15.4,55.7,0.0
1741330397,2025-03-07T00:53:17,19.5,87.0,0.0
1741333997,2025-03-07T01:53:17,16.3,54.7,0.0
1741337597,2025-03-07T02:53:17,13.7,83.2,0.0
1741341197,2025-03-07T03:53:17,16.9,89.6,0.0
1741344797,2025-03-07T04:53:17,12.2,63.4,0.2
1741348397,2025-03-07T05:53:17,21.8,74.5,0.0
1741351997,2025-03-07T06:53:17,11.0,62.9,0.2
1741355597,2025-03-07T07:53:17,15.8,47.3,0.0
1741359197,2025-03-07T08:53:17,14.6,50.9,0.0
1741362797,2025-03-07T09:53:17,22.8,83.5,0.0
1741366397,2025-03-07T10:53:17,22.8,83.7,0.1
1741369997,2025-03-07T11:53:17,11.5,67.1,0.0
1741373597,2025-03-07T12:53:17,18.1,66.9,0.0
1741377197,2025-03-07T13:53:17,21.0,65.0,0.0
1741380797,2025-03-07T14:53:17,15.5,58.8,0.0
1741384397,2025-03-07T15:53:17,11.3,74.7,0.0
1741387997,2025-03-07T16:53:17,20.4,94.8,0.0
1741391597,2025-03-07T17:53:17,14.3,42.0,0.0
1741395197,2025-03-07T18:53:17,20.2,40.3,0.0
1741398797,2025-03-07T19:53:17,10.9,47.1,2.0
1741402397,2025-03-07T20:53:17,17.1,55.8,0.0
1741405997,2025-03-07T21:53:17,22.4,57.4,2.0
1741409597,2025-03-07T22:53:17,24.1,40.2,0.0
1741413197,2025-03-07T23:53:17,18.6,67.4,0.0
1741416797,2025-03-08T00:53:17,23.9,62.4,0.0
1741420397,2025-03-08T01:53:17,19.1,94.4,0.0
1741423997,2025-03-08T02:53:17,16.8,89.6,0.0
1741427597,2025-03-08T03:53:17,12.7,43.9,0.0
1741431197,2025-03-08T04:53:17,20.1,88.8,0.0
1741434797,2025-03-08T05:53:17,20.5,51.0,0.0
1741438397,2025-03-08T06:53:17,18.8,81.7,0.0
1741441997,2025-03-08T07:53:17,14.2,58.8,0.1
1741445597,2025-03-08T08:53:17,23.2,94.4,0.1
1741449197,2025-03-08T09:53:17,15.1,89.4,0.0
1741452797,2025-03-08T10:53:17,23.4,62.0,0.0
1741456397,2025-03-08T11:53:17,11.5,71.5,0.0
1741459997,2025-03-08T12:53:17,19.9,73.7,0.2
1741463597,2025-03-08T13:53:17,21.3,41.4,0.0
1741467197,2025-03-08T14:53:17,20.4,51.4,0.0
1741470797,2025-03-08T15:53:17,12.1,76.3,0.0
1741474397,2025-03-08T16:53:17,21.5,49.0,0.1
1741477997,2025-03-08T17:53:17,18.9,91.4,0.0
1741481597,2025-03-08T18:53:17,15.1,58.7,0.0
1741485197,2025-03-08T19:53:17,23.1,63.3,0.0
1741488797,2025-03-08T20:53:17,22.1,73.2,0.0
1741492397,2025-03-08T21:53:17,19.6,42.8,0.0
1741495997,2025-03-08T22:53:17,18.2,49.2,0.0
1741499597,2025-03-08T23:53:17,14.6,73.1,0.2
1741503197,2025-03-09T00:53:17,14.3,51.8,0.0
1741506797,2025-03-09T01:53:17,21.5,55.3,0.0
1741510397,2025-03-09T02:53:17,14.2,84.8,0.0
1741510397,2025-03-09T03:53:17,14.7,71.2,0.0
1741513997,2025-03-09T04:53:17,18.2,92.4,0.0
1741517597,2025-03-09T05:53:17,19.3,75.4,0.0
1741521197,2025-03-09T06:53:17,23.0,54.7,0.0
1741524797,2025-03-09T07:53:17,24.3,43.1,0.0
1741528397,2025-03-09T08:53:17,14.3,59.6,0.0
1741531997,2025-03-09T09:53:17,23.4,74.0,0.1
1741535597,2025-03-09T10:53:17,18.3,62.2,0.0
1741539197,2025-03-09T11:53:17,12.4,71.9,2.0
1741542797,2025-03-09T12:53:17,22.3,54.9,0.0
1741546397,2025-03-09T13:53:17,19.2,63.8,0.5
1741549997,2025-03-09T14:53:17,11.4,46.9,0.0
1741553597,2025-03-09T15:53:17,23.4,89.3,0.0
1741557197,2025-03-09T16:53:17,23.8,48.0,0.0
1741560797,2025-03-09T17:53:17,18.2,44.5,0.2
1741564397,2025-03-09T18:53:17,21.2,55.1,0.0
1741567997,2025-03-09T19:53:17,9.6,58.3,0.5
1741571597,2025-03-09T20:53:17,17.8,71.9,0.0
1741575197,2025-03-09T21:53:17,20.6,53.3,0.0
1741578797,2025-03-09T22:53:17,24.3,77.8,0.0
1741582397,2025-03-09T23:53:17,16.4,79.0,0.0
1741585997,2025-03-10T00:53:17,11.7,57.3,1.0
1741589597,2025-03-10T01:53:17,18.0,52.0,0.0
1741593197,2025-03-10T02:53:17,14.6,62.7,0.0
1741596797,2025-03-10T03:53:17,19.2,66.5,0.0
1741600397,2025-03-10T04:53:17,13.4,92.5,0.0
1741603997,2025-03-10T05:53:17,20.9,76.4,0.0
1741607597,2025-03-10T06:53:17,16.8,84.0,0.0
1741611197,2025-03-10T07:53:17,11.7,75.2,0.0
1741614797,2025-03-10T08:53:17,10.0,40.4,0.0
1741618397,2025-03-10T09:53:17,15.0,74.3,0.0
1741621997,2025-03-10T10:53:17,22.8,72.8,0.0
1741625597,2025-03-10T11:53:17,21.2,87.1,0.0
1741629197,2025-03-10T12:53:17,21.9,48.9,0.0
1741632797,2025-03-10T13:53:17,11.5,88.4,1.0
1741636397,2025-03-10T14:53:17,11.1,73.2,0.0
1741639997,2025-03-10T15:53:17,14.0,81.6,0.0
1741643597,2025-03-10T16:53:17,24.2,76.7,0.0
1741647197,2025-03-10T17:53:17,18.0,70.7,2.0
1741650797,2025-03-10T18:53:17,12.0,41.8,0.5
1741654397,2025-03-10T19:53:17,12.8,68.7,0.2
1741657997,2025-03-10T20:53:17,10.2,76.1,0.0
1741661597,2025-03-10T21:53:17,14.7,42.1,0.0
1741665197,2025-03-10T22:53:17,18.2,64.3,0.0
1741668797,2025-03-10T23:53:17,19.5,69.1,0.1
1741672397,2025-03-11T00:53:17,15.6,89.1,0.0
1741675997,2025-03-11T01:53:17,12.7,51.6,0.0
1741679597,2025-03-11T02:53:17,21.0,84.0,0.0
1741683197,2025-03-11T03:53:17,11.6,86.9,0.2
1741686797,2025-03-11T04:53:17,11.0,52.6,0.0
1741690397,2025-03-11T05:53:17,12.9,88.7,0.0
1741693997,2025-03-11T06:53:17,14.1,41.1,0.0
1741697597,2025-03-11T07:53:17,18.8,72.5,0.1
1741701197,2025-03-11T08:53:17,13.2,84.0,1.0
1741704797,2025-03-11T09:53:17,23.1,69.2,0.0
1741708397,2025-03-11T10:53:17,14.0,54.6,0.1
1741711997,2025-03-11T11:53:17,10.8,84.1,0.0
1741715597,2025-03-11T12:53:17,24.1,61.4,0.2
1741719197,2025-03-11T13:53:17,23.0,57.5,0.0
1741722797,2025-03-11T14:53:17,15.6,46.4,0.0
1741726397,2025-03-11T15:53:17,18.1,85.1,0.0
1741729997,2025-03-11T16:53:17,10.2,87.4,0.2
1741733597,2025-03-11T17:53:17,24.1,47.0,0.2
1741737197,2025-03-11T18:53:17,17.7,40.6,0.0
1741740797,2025-03-11T19:53:17,10.3,55.1,0.1
1741744397,2025-03-11T20:53:17,15.4,41.4,0.0
1741747997,2025-03-11T21:53:17,17.1,93.1,0.1
1741751597,2025-03-11T22:53:17,22.8,64.0,0.0
1741755197,2025-03-11T23:53:17,24.2,47.7,0.1
1741758797,2025-03-12T00:53:17,10.2,51.8,0.1
1741762397,2025-03-12T01:53:17,23.2,41.1,0.0
1741765997,2025-03-12T02:53:17,15.3,47.6,0.1
1741769597,2025-03-12T03:53:17,16.1,69.9,0.0
1741773197,2025-03-12T04:53:17,22.9,71.0,0.0
1741776797,2025-03-12T05:53:17,10.3,64.0,0.0
1741780397,2025-03-12T06:53:17,13.2,94.9,2.0
1741783997,2025-03-12T07:53:17,18.9,83.4,0.0
1741787597,2025-03-12T08:53:17,21.8,59.0,2.0
1741791197,2025-03-12T09:53:17,23.0,62.4,2.0
1741794797,2025-03-12T10:53:17,10.0,74.8,0.0
1741798397,2025-03-12T11:53:17,17.8,50.1,0.2
1741801997,2025-03-12T12:53:17,24.7,47.7,0.0
1741805597,2025-03-12T13:53:17,17.2,80.4,0.0
1741809197,2025-03-12T14:53:17,15.0,55.3,0.0
1741812797,2025-03-12T15:53:17,10.4,41.1,0.0
1741816397,2025-03-12T16:53:17,12.2,49.7,0.0
1741819997,2025-03-12T17:53:17,12.9,59.3,0.0
1741823597,2025-03-12T18:53:17,21.2,44.3,0.0
1741827197,2025-03-12T19:53:17,11.0,89.5,0.0
1741830797,2025-03-12T20:53:17,19.4,64.4,0.0
1741834397,2025-03-12T21:53:17,23.1,81.7,0.0
1741837997,2025-03-12T22:53:17,15.6,81.4,2.0
1741841597,2025-03-12T23:53:17,21.0,40.1,0.0
1741845197,2025-03-13T00:53:17,16.9,47.1,0.0
1741848797,2025-03-13T01:53:17,15.4,46.5,0.1
1741852397,2025-03-13T02:53:17,17.3,59.9,0.1
1741855997,2025-03-13T03:53:17,16.9,75.2,0.0
1741859597,2025-03-13T04:53:17,19.2,74.2,1.0
1741863197,2025-03-13T05:53:17,10.3,81.0,0.2
1741866797,2025-03-13T06:53:17,21.4,71.1,0.0
1741870397,2025-03-13T07:53:17,16.8,40.0,0.1
1741873997,2025-03-13T08:53:17,19.0,90.4,2.0
1741877597,2025-03-13T09:53:17,18.9,92.2,0.0
1741881197,2025-03-13T10:53:17,21.0,42.3,0.0
1741884797,2025-03-13T11:53:17,13.3,75.3,0.0
1741888397,2025-03-13T12:53:17,18.6,65.5,0.0
1741891997,2025-03-13T13:53:17,14.5,41.9,0.0
1741895597,2025-03-13T14:53:17,24.6,47.1,0.0
1741899197,2025-03-13T15:53:17,18.1,71.8,0.1
1741902797,2025-03-13T16:53:17,24.9,47.4,0.0
1741906397,2025-03-13T17:53:17,10.2,77.3,0.1
1741909997,2025-03-13T18:53:17,12.9,49.3,1.0
1741913597,2025-03-13T19:53:17,18.6,89.3,1.0
1741917197,2025-03-13T20:53:17,23.8,56.2,0.0
1741920797,2025-03-13T21:53:17,11.8,75.0,0.0
1741924397,2025-03-13T22:53:17,11.3,87.1,0.0
1741927997,2025-03-13T23:53:17,13.4,71.6,0.1
1741931597,2025-03-14T00:53:17,12.8,72.9,0.0
1741935197,2025-03-14T01:53:17,25.0,59.7,0.0
1741938797,2025-03-14T02:53:17,20.9,56.8,0.0
1741942397,2025-03-14T03:53:17,17.4,92.7,0.0
1741945997,2025-03-14T04:53:17,22.6,60.5,0.0
1741949597,2025-03-14T05:53:17,15.0,74.6,0.0
1741953197,2025-03-14T06:53:17,16.8,83.2,0.1
1741956797,2025-03-14T07:53:17,20.4,62.6,0.0
1741960397,2025-03-14T08:53:17,20.3,93.2,0.0
1741963997,2025-03-14T09:53:17,24.2,46.2,0.1
1741967597,2025-03-14T10:53:17,12.9,92.2,0.0
1741971197,2025-03-14T11:53:17,24.9,55.6,0.0
1741974797,2025-03-14T12:53:17,20.1,90.5,0.1
1741978397,2025-03-14T13:53:17,24.7,59.1,0.1
1741981997,2025-03-14T14:53:17,17.6,49.6,0.0
1741985597,2025-03-14T15:53:17,10.4,48.3,0.1
1741989197,2025-03-14T16:53:17,11.5,53.6,0.0
1741992797,2025-03-14T17:53:17,10.4,63.0,0.0
1741996397,2025-03-14T18:53:17,20.5,50.6,1.0
1741999997,2025-03-14T19:53:17,23.6,62.6,0.0
1742003597,2025-03-14T20:53:17,25.1,89.9,0.0
1742007197,2025-03-14T21:53:17,11.4,63.9,0.0
1742010797,2025-03-14T22:53:17,13.4,51.6,1.0
1742014397,2025-03-14T23:53:17,11.2,42.6,0.0
1742017997,2025-03-15T00:53:17,14.8,68.5,1.0
1742021597,2025-03-15T01:53:17,16.5,50.8,0.0
1742025197,2025-03-15T02:53:17,11.1,60.7,0.1
1742028797,2025-03-15T03:53:17,13.1,59.6,0.0
1742032397,2025-03-15T04:53:17,21.8,56.9,0.0
1742035997,2025-03-15T05:53:17,19.8,88.8,0.0
1742039597,2025-03-15T06:53:17,12.9,74.9,0.1
1742043197,2025-03-15T07:53:17,21.5,47.2,0.0
1742046797,2025-03-15T08:53:17,22.0,60.5,0.0
1742050397,2025-03-15T09:53:17,17.3,75.4,0.0
1742053997,2025-03-15T10:53:17,17.9,77.2,0.0
1742057597,2025-03-15T11:53:17,24.4,82.0,0.0
1742061197,2025-03-15T12:53:17,24.9,45.8,0.0
1742064797,2025-03-15T13:53:17,22.2,77.6,0.0
1742068397,2025-03-15T14:53:17,20.1,64.1,0.0
1742071997,2025-03-15T15:53:17,11.3,85.0,0.5
1742075597,2025-03-15T16:53:17,21.8,59.9,0.0
1742079197,2025-03-15T17:53:17,24.4,79.9,0.0
1742082797,2025-03-15T18:53:17,17.6,67.9,0.0
1742086397,2025-03-15T19:53:17,10.9,65.3,0.0
1742089997,2025-03-15T20:53:17,10.9,53.4,0.0
1742093597,2025-03-15T21:53:17,12.3,80.9,0.0
1742097197,2025-03-15T22:53:17,25.0,53.9,0.0
1742100797,2025-03-15T23:53:17,17.4,75.2,0.0
1742104397,2025-03-16T00:53:17,16.9,59.9,0.1
1742107997,2025-03-16T01:53:17,15.9,42.0,0.0
1742111597,2025-03-16T02:53:17,16.9,77.3,0.2
1742115197,2025-03-16T03:53:17,16.0,58.9,0.0
1742118797,2025-03-16T04:53:17,15.3,40.5,1.0
1742122397,2025-03-16T05:53:17,23.2,41.8,0.0
1742125997,2025-03-16T06:53:17,18.6,67.8,0.0
1742129597,2025-03-16T07:53:17,10.4,48.1,0.0
1742133197,2025-03-16T08:53:17,23.3,76.5,0.0
1742136797,2025-03-16T09:53:17,11.6,61.0,1.0
1742140397,2025-03-16T10:53:17,11.4,64.0,0.0
1742143997,2025-03-16T11:53:17,22.7,64.0,0.0
1742147597,2025-03-16T12:53:17,12.6,65.4,0.0
1742151197,2025-03-16T13:53:17,15.7,50.2,0.0
1742154797,2025-03-16T14:53:17,12.7,85.4,0.0
1742158397,2025-03-16T15:53:17,16.6,45.3,0.0
1742161997,2025-03-16T16:53:17,17.6,92.6,0.0
1742165597,2025-03-16T17:53:17,23.3,77.1,0.0
1742169197,2025-03-16T18:53:17,15.5,67.0,0.2
1742172797,2025-03-16T19:53:17,13.3,81.5,0.1
1742176397,2025-03-16T20:53:17,17.1,63.4,0.0
1742179997,2025-03-16T21:53:17,22.5,77.1,0.0
1742183597,2025-03-16T22:53:17,21.8,76.9,0.0
1742187197,2025-03-16T23:53:17,11.1,51.5,0.0
1742190797,2025-03-17T00:53:17,24.4,61.3,0.0
1742194397,2025-03-17T01:53:17,18.6,63.9,0.0
1742197997,2025-03-17T02:53:17,18.1,87.9,0.0
1742201597,2025-03-17T03:53:17,23.9,79.9,0.1
1742205197,2025-03-17T04:53:17,13.2,55.9,0.1
1742208797,2025-03-17T05:53:17,15.4,73.3,1.0
1742212397,2025-03-17T06:53:17,20.3,88.6,0.1
1742215997,2025-03-17T07:53:17,23.4,82.0,0.0
1742219597,2025-03-17T08:53:17,18.2,94.2,0.0
1742223197,2025-03-17T09:53:17,19.8,71.6,1.0
1742226797,2025-03-17T10:53:17,24.9,46.6,0.0
1742230397,2025-03-17T11:53:17,24.1,49.6,0.0
1742233997,2025-03-17T12:53:17,11.2,44.5,0.0
1742237597,2025-03-17T13:53:17,12.8,77.3,0.0
1742241197,2025-03-17T14:53:17,23.4,63.7,0.0
1742244797,2025-03-17T15:53:17,12.0,58.9,2.0
1742248397,2025-03-17T16:53:17,24.1,65.8,0.0
1742251997,2025-03-17T17:53:17,23.0,73.4,0.0
1742255597,2025-03-17T18:53:17,22.4,53.1,0.0
1742259197,2025-03-17T19:53:17,20.8,59.2,0.0
1742262797,2025-03-17T20:53:17,16.0,52.1,0.0
1742266397,2025-03-17T21:53:17,20.7,40.9,0.0
1742269997,2025-03-17T22:53:17,18.2,83.8,0.0
1742273597,2025-03-17T23:53:17,24.3,56.8,0.0
1742277197,2025-03-18T00:53:17,25.6,59.6,0.0
1742280797,2025-03-18T01:53:17,11.8,51.4,0.0
1742284397,2025-03-18T02:53:17,11.6,68.8,1.0
1742287997,2025-03-18T03:53:17,20.1,67.0,0.0
1742291597,2025-03-18T04:53:17,12.3,45.6,0.0
1742295197,2025-03-18T05:53:17,13.6,50.3,0.0
1742298797,2025-03-18T06:53:17,12.2,63.2,0.0
1742302397,2025-03-18T07:53:17,17.2,55.4,0.0
1742305997,2025-03-18T08:53:17,16.5,60.9,2.0
1742309597,2025-03-18T09:53:17,16.5,59.4,0.1
1742313197,2025-03-18T10:53:17,22.1,40.2,0.0
1742316797,2025-03-18T11:53:17,11.7,87.2,0.0
1742320397,2025-03-18T12:53:17,25.7,44.3,0.2
1742323997,2025-03-18T13:53:17,15.7,51.7,0.0
1742327597,2025-03-18T14:53:17,21.9,94.0,0.0
1742331197,2025-03-18T15:53:17,20.5,60.4,0.0
1742334797,2025-03-18T16:53:17,23.4,88.7,0.1
1742338397,2025-03-18T17:53:17,19.8,59.8,0.0
1742341997,2025-03-18T18:53:17,25.4,59.7,0.0
1742345597,2025-03-18T19:53:17,24.3,71.1,0.1
1742349197,2025-03-18T20:53:17,24.1,43.0,0.1
1742352797,2025-03-18T21:53:17,14.4,76.6,0.0
1742356397,2025-03-18T22:53:17,14.6,63.2,0.0
1742359997,2025-03-18T23:53:17,19.0,53.2,0.0
1742363597,2025-03-19T00:53:17,15.0,59.7,0.1
1742367197,2025-03-19T01:53:17,16.3,46.1,0.0
1742370797,2025-03-19T02:53:17,23.2,85.4,0.0
1742374397,2025-03-19T03:53:17,23.6,54.1,0.0
1742377997,2025-03-19T04:53:17,19.6,46.4,0.0
1742381597,2025-03-19T05:53:17,15.7,92.0,0.0
1742385197,2025-03-19T06:53:17,20.0,41.4,0.0
1742388797,2025-03-19T07:53:17,12.7,53.8,0.0
1742392397,2025-03-19T08:53:17,17.9,48.0,0.2
1742395997,2025-03-19T09:53:17,15.8,86.5,1.0
1742399597,2025-03-19T10:53:17,14.3,59.3,1.0
1742403197,2025-03-19T11:53:17,15.0,48.7,0.5
1742406797,2025-03-19T12:53:17,12.5,48.8,0.0
1742410397,2025-03-19T13:53:17,11.9,42.2,2.0
1742413997,2025-03-19T14:53:17,13.6,93.5,0.0
1742417597,2025-03-19T15:53:17,23.6,40.8,0.0
1742421197,2025-03-19T16:53:17,13.4,89.2,1.0
1742424797,2025-03-19T17:53:17,14.6,92.2,0.0
1742428397,2025-03-19T18:53:17,16.6,53.7,0.0
1742431997,2025-03-19T19:53:17,12.7,59.9,0.0
1742435597,2025-03-19T20:53:17,19.0,59.7,2.0
1742439197,2025-03-19T21:53:17,16.1,79.9,0.0
1742442797,2025-03-19T22:53:17,12.3,64.8,0.0
1742446397,2025-03-19T23:53:17,22.7,65.6,0.0
1742449997,2025-03-20T00:53:17,19.6,79.7,0.2
1742453597,2025-03-20T01:53:17,18.3,89.4,0.0
1742457197,2025-03-20T02:53:17,22.2,42.1,0.5
1742460797,2025-03-20T03:53:17,13.6,62.6,0.0
1742464397,2025-03-20T04:53:17,15.0,86.9,1.0
1742467997,2025-03-20T05:53:17,24.9,76.0,0.0
1742471597,2025-03-20T06:53:17,19.5,89.6,0.0
1742475197,2025-03-20T07:53:17,15.0,58.8,0.0
1742478797,2025-03-20T08:53:17,25.2,79.0,0.0
1742482397,2025-03-20T09:53:17,23.2,80.2,0.0
1742485997,2025-03-20T10:53:17,20.7,45.5,0.0
1742489597,2025-03-20T11:53:17,17.4,58.0,0.0
1742493197,2025-03-20T12:53:17,12.0,61.7,0.0
1742496797,2025-03-20T13:53:17,11.8,69.1,0.0
1742500397,2025-03-20T14:53:17,18.4,78.7,0.0
1742503997,2025-03-20T15:53:17,13.3,61.1,0.0
1742507597,2025-03-20T16:53:17,21.6,93.5,0.0
1742511197,2025-03-20T17:53:17,22.2,76.3,0.0
1742514797,2025-03-20T18:53:17,16.2,59.7,0.0
1742518397,2025-03-20T19:53:17,11.5,89.7,0.2
1742521997,2025-03-20T20:53:17,24.7,79.3,0.0
1742525597,2025-03-20T21:53:17,14.7,45.5,0.0
1742529197,2025-03-20T22:53:17,14.0,91.0,0.2
1742532797,2025-03-20T23:53:17,25.6,53.9,0.0
1742536397,2025-03-21T00:53:17,22.2,79.1,0.0
1742539997,2025-03-21T01:53:17,11.2,68.6,0.0
1742543597,2025-03-21T02:53:17,19.3,73.4,0.0
1742547197,2025-03-21T03:53:17,18.3,87.4,0.0
1742550797,2025-03-21T04:53:17,24.4,70.5,0.0
1742554397,2025-03-21T05:53:17,11.9,45.6,0.0
1742557997,2025-03-21T06:53:17,16.0,42.0,0.0
1742561597,2025-03-21T07:53:17,23.3,44.7,0.0
1742565197,2025-03-21T08:53:17,17.3,94.8,0.1
1742568797,2025-03-21T09:53:17,25.1,53.1,0.0
1742572397,2025-03-21T10:53:17,25.0,58.8,0.0
1742575997,2025-03-21T11:53:17,16.9,71.1,0.1
1742579597,2025-03-21T12:53:17,21.4,46.3,0.0
1742583197,2025-03-21T13:53:17,19.4,80.1,0.0
1742586797,2025-03-21T14:53:17,14.0,87.5,0.0
1742590397,2025-03-21T15:53:17,17.1,47.3,0.0
1742593997,2025-03-21T16:53:17,14.2,45.7,0.0
1742597597,2025-03-21T17:53:17,11.8,88.6,2.0
1742601197,2025-03-21T18:53:17,11.3,56.8,0.0
1742604797,2025-03-21T19:53:17,14.7,57.4,0.1
1742608397,2025-03-21T20:53:17,21.9,70.4,0.0
1742611997,2025-03-21T21:53:17,14.5,49.2,0.5
1742615597,2025-03-21T22:53:17,22.5,55.4,0.0
1742619197,2025-03-21T23:53:17,12.0,67.6,0.1
1742622797,2025-03-22T00:53:17,22.2,43.1,0.0
1742626397,2025-03-22T01:53:17,17.8,85.1,0.1
1742629997,2025-03-22T02:53:17,18.7,93.8,0.0
1742633597,2025-03-22T03:53:17,12.8,66.3,0.0
1742637197,2025-03-22T04:53:17,18.3,87.9,0.0
1742640797,2025-03-22T05:53:17,17.4,65.1,0.0
1742644397,2025-03-22T06:53:17,18.2,71.9,0.0
1742647997,2025-03-22T07:53:17,13.1,41.6,0.0
1742651597,2025-03-22T08:53:17,14.6,41.8,0.0
1742655197,2025-03-22T09:53:17,24.8,60.3,0.0
1742658797,2025-03-22T10:53:17,15.0,88.4,0.0
1742662397,2025-03-22T11:53:17,17.8,63.0,0.0
1742665997,2025-03-22T12:53:17,15.0,84.6,0.0
1742669597,2025-03-22T13:53:17,24.8,85.7,0.5
1742673197,2025-03-22T14:53:17,16.8,88.3,0.0
1742676797,2025-03-22T15:53:17,12.2,43.2,0.5
1742680397,2025-03-22T16:53:17,17.1,90.5,0.5
1742683997,2025-03-22T17:53:17,25.9,52.1,0.0
1742687597,2025-03-22T18:53:17,11.9,62.1,0.0
1742691197,2025-03-22T19:53:17,21.0,88.1,0.0
1742694797,2025-03-22T20:53:17,24.9,94.1,0.0
1742698397,2025-03-22T21:53:17,20.8,68.4,0.0
1742701997,2025-03-22T22:53:17,17.9,47.6,0.0
1742705597,2025-03-22T23:53:17,23.5,88.0,0.0
1742709197,2025-03-23T00:53:17,20.1,75.1,0.2
1742712797,2025-03-23T01:53:17,14.7,63.1,0.0
1742716397,2025-03-23T02:53:17,19.6,87.0,0.0
1742719997,2025-03-23T03:53:17,11.6,55.0,0.0
1742723597,2025-03-23T04:53:17,17.5,73.8,0.0
1742727197,2025-03-23T05:53:17,23.2,53.6,0.5
1742730797,2025-03-23T06:53:17,23.5,61.1,0.0
1742734397,2025-03-23T07:53:17,15.1,58.6,0.0
1742737997,2025-03-23T08:53:17,15.9,74.9,0.0
1742741597,2025-03-23T09:53:17,12.9,62.8,0.0
1742745197,2025-03-23T10:53:17,14.9,88.6,0.1
1742748797,2025-03-23T11:53:17,23.2,87.3,0.0
1742752397,2025-03-23T12:53:17,19.2,63.5,0.0
1742755997,2025-03-23T13:53:17,21.6,47.1,0.0
1742759597,2025-03-23T14:53:17,15.2,65.5,0.5
1742763197,2025-03-23T15:53:17,19.5,74.7,0.0
1742766797,2025-03-23T16:53:17,21.3,92.6,0.0
1742770397,2025-03-23T17:53:17,25.2,81.1,0.0
1742773997,2025-03-23T18:53:17,23.5,60.4,0.0
1742777597,2025-03-23T19:53:17,24.2,84.5,0.0
1742781197,2025-03-23T20:53:17,17.5,41.9,0.0
1742784797,2025-03-23T21:53:17,23.9,85.9,0.0
1742788397,2025-03-23T22:53:17,26.5,54.0,0.0
1742791997,2025-03-23T23:53:17,24.5,83.6,0.0
1742795597,2025-03-24T00:53:17,25.1,77.7,0.0
1742799197,2025-03-24T01:53:17,12.8,54.1,0.0
1742802797,2025-03-24T02:53:17,25.7,81.4,0.0
1742806397,2025-03-24T03:53:17,22.5,81.3,0.0
1742809997,2025-03-24T04:53:17,25.7,59.7,0.0
1742813597,2025-03-24T05:53:17,13.9,40.3,0.0
1742817197,2025-03-24T06:53:17,11.9,85.5,0.0
1742820797,2025-03-24T07:53:17,21.7,55.1,0.0
1742824397,2025-03-24T08:53:17,19.9,67.2,0.0
1742827997,2025-03-24T09:53:17,25.9,40.4,0.0
1742831597,2025-03-24T10:53:17,18.6,56.6,0.0
1742835197,2025-03-24T11:53:17,14.2,64.9,0.0
1742838797,2025-03-24T12:53:17,23.9,61.8,0.0
1742842397,2025-03-24T13:53:17,22.9,73.4,0.0
1742845997,2025-03-24T14:53:17,20.4,64.2,0.0
1742849597,2025-03-24T15:53:17,17.1,72.7,1.0
1742853197,2025-03-24T16:53:17,13.7,60.4,0.0
1742856797,2025-03-24T17:53:17,21.6,43.0,0.0
1742860397,2025-03-24T18:53:17,21.9,63.7,0.0
1742863997,2025-03-24T19:53:17,15.0,90.3,0.0
1742867597,2025-03-24T20:53:17,15.1,50.5,0.2
1742871197,2025-03-24T21:53:17,18.4,89.6,0.0
1742874797,2025-03-24T22:53:17,18.6,92.0,0.0
1742878397,2025-03-24T23:53:17,15.2,94.2,0.0
1742881997,2025-03-25T00:53:17,26.7,81.0,0.2
1742885597,2025-03-25T01:53:17,13.7,51.8,0.0
1742889197,2025-03-25T02:53:17,20.1,49.2,0.0
1742892797,2025-03-25T03:53:17,20.2,91.7,0.0
1742896397,2025-03-25T04:53:17,20.8,76.9,0.5
1742899997,2025-03-25T05:53:17,17.8,75.9,0.0
1742903597,2025-03-25T06:53:17,16.2,41.4,0.0
1742907197,2025-03-25T07:53:17,19.0,61.0,0.0
1742910797,2025-03-25T08:53:17,14.0,51.1,0.0
1742914397,2025-03-25T09:53:17,21.1,92.4,0.2
1742917997,2025-03-25T10:53:17,15.9,70.9,0.0
1742921597,2025-03-25T11:53:17,24.7,90.1,0.0
1742925197,2025-03-25T12:53:17,25.1,79.5,2.0
1742928797,2025-03-25T13:53:17,19.5,54.8,0.0
1742932397,2025-03-25T14:53:17,18.6,69.0,0.0
1742935997,2025-03-25T15:53:17,13.0,81.3,0.0
1742939597,2025-03-25T16:53:17,20.8,69.1,0.0
1742943197,2025-03-25T17:53:17,18.5,53.6,0.0
1742946797,2025-03-25T18:53:17,11.9,89.0,0.0
1742950397,2025-03-25T19:53:17,23.5,67.1,0.0
1742953997,2025-03-25T20:53:17,25.5,71.5,0.0
1742957597,2025-03-25T21:53:17,23.9,72.7,0.0
1742961197,2025-03-25T22:53:17,19.8,70.8,0.0
1742964797,2025-03-25T23:53:17,22.8,80.0,0.0
1742968397,2025-03-26T00:53:17,24.3,72.0,0.0
1742971997,2025-03-26T01:53:17,21.8,61.4,0.0
1742975597,2025-03-26T02:53:17,15.0,64.0,0.0
1742979197,2025-03-26T03:53:17,25.3,74.9,0.2
1742982797,2025-03-26T04:53:17,22.1,45.5,0.0
1742986397,2025-03-26T05:53:17,25.6,86.4,0.1
1742989997,2025-03-26T06:53:17,17.2,71.8,0.0
1742993597,2025-03-26T07:53:17,12.6,52.9,0.0
1742997197,2025-03-26T08:53:17,18.5,87.0,0.0
1743000797,2025-03-26T09:53:17,22.5,46.8,0.0
1743004397,2025-03-26T10:53:17,19.8,42.3,0.1
1743007997,2025-03-26T11:53:17,12.3,59.7,2.0
1743011597,2025-03-26T12:53:17,17.1,93.6,2.0
1743015197,2025-03-26T13:53:17,26.6,71.4,0.0
1743018797,2025-03-26T14:53:17,24.6,46.0,0.0
1743022397,2025-03-26T15:53:17,15.6,70.1,0.1
1743025997,2025-03-26T16:53:17,17.0,61.6,0.5
1743029597,2025-03-26T17:53:17,20.2,64.7,0.0
1743033197,2025-03-26T18:53:17,20.8,73.1,0.0
1743036797,2025-03-26T19:53:17,25.6,69.0,0.1
1743040397,2025-03-26T20:53:17,20.6,74.6,0.0
1743043997,2025-03-26T21:53:17,26.3,48.9,0.0
1743047597,2025-03-26T22:53:17,17.3,44.1,0.0
1743051197,2025-03-26T23:53:17,17.1,78.9,0.0
1743054797,2025-03-27T00:53:17,20.3,88.6,0.0
1743058397,2025-03-27T01:53:17,12.4,82.1,0.0
1743061997,2025-03-27T02:53:17,23.7,64.7,0.5
1743065597,2025-03-27T03:53:17,25.4,85.1,0.5
1743069197,2025-03-27T04:53:17,16.0,45.2,0.0
1743072797,2025-03-27T05:53:17,16.7,62.8,0.0
1743076397,2025-03-27T06:53:17,18.0,83.3,0.0
1743079997,2025-03-27T07:53:17,26.8,51.6,0.0
1743083597,2025-03-27T08:53:17,23.4,75.1,2.0
1743087197,2025-03-27T09:53:17,15.5,56.2,0.0
1743090797,2025-03-27T10:53:17,16.6,76.6,0.0
1743094397,2025-03-27T11:53:17,22.3,46.7,0.0
1743097997,2025-03-27T12:53:17,21.4,48.8,0.1
1743101597,2025-03-27T13:53:17,21.6,58.1,0.0
1743105197,2025-03-27T14:53:17,17.1,80.4,0.1
1743108797,2025-03-27T15:53:17,19.9,43.5,0.0
1743112397,2025-03-27T16:53:17,16.2,77.3,1.0
1743115997,2025-03-27T17:53:17,23.2,67.6,0.5
1743119597,2025-03-27T18:53:17,23.9,73.9,0.0
1743123197,2025-03-27T19:53:17,16.1,66.8,0.0
1743126797,2025-03-27T20:53:17,20.7,79.3,0.1
1743130397,2025-03-27T21:53:17,24.9,73.0,0.1
1743133997,2025-03-27T22:53:17,16.7,91.8,0.0
1743137597,2025-03-27T23:53:17,21.4,71.7,0.0
1743141197,2025-03-28T00:53:17,18.7,44.9,0.0
1743144797,2025-03-28T01:53:17,16.2,64.5,0.5
1743148397,2025-03-28T02:53:17,22.8,82.6,0.0
1743151997,2025-03-28T03:53:17,27.0,94.0,0.1
1743155597,2025-03-28T04:53:17,14.9,56.1,1.0
1743159197,2025-03-28T05:53:17,15.4,69.2,0.0
1743162797,2025-03-28T06:53:17,25.9,91.1,0.0
1743166397,2025-03-28T07:53:17,15.6,65.3,0.0
1743169997,2025-03-28T08:53:17,25.8,87.2,1.0
1743173597,2025-03-28T09:53:17,23.5,74.0,0.0
1743177197,2025-03-28T10:53:17,16.8,52.4,0.0
1743180797,2025-03-28T11:53:17,26.8,87.2,1.0
1743184397,2025-03-28T12:53:17,23.1,70.1,0.0
1743187997,2025-03-28T13:53:17,16.2,89.2,2.0
1743191597,2025-03-28T14:53:17,20.0,72.0,0.0
1743195197,2025-03-28T15:53:17,26.0,72.2,0.0
1743198797,2025-03-28T16:53:17,22.2,76.5,0.0
1743202397,2025-03-28T17:53:17,18.4,67.2,0.0
1743205997,2025-03-28T18:53:17,23.5,70.6,1.0
1743209597,2025-03-28T19:53:17,13.6,65.4,0.1
1743213197,2025-03-28T20:53:17,18.7,63.2,0.0
1743216797,2025-03-28T21:53:17,20.7,44.8,0.0
1743220397,2025-03-28T22:53:17,18.2,90.0,0.0
1743223997,2025-03-28T23:53:17,12.6,46.3,2.0
1743227597,2025-03-29T00:53:17,16.1,86.1,0.0
1743231197,2025-03-29T01:53:17,25.3,65.4,0.2
1743234797,2025-03-29T02:53:17,27.2,82.7,0.5
1743238397,2025-03-29T03:53:17,23.5,72.6,0.2
1743241997,2025-03-29T04:53:17,19.5,74.0,0.1
1743245597,2025-03-29T05:53:17,25.4,58.9,0.0
1743249197,2025-03-29T06:53:17,21.7,80.4,0.0
1743252797,2025-03-29T07:53:17,23.5,47.1,0.0
1743256397,2025-03-29T08:53:17,17.0,92.4,0.0
1743259997,2025-03-29T09:53:17,16.8,71.6,0.5
1743263597,2025-03-29T10:53:17,20.2,68.9,1.0
1743267197,2025-03-29T11:53:17,22.9,63.4,0.0
1743270797,2025-03-29T12:53:17,19.9,49.7,0.2
1743274397,2025-03-29T13:53:17,18.9,51.4,0.2
1743277997,2025-03-29T14:53:17,24.8,92.9,0.0
1743281597,2025-03-29T15:53:17,20.1,61.0,0.1
1743285197,2025-03-29T16:53:17,17.7,83.7,0.0
1743288797,2025-03-29T17:53:17,19.2,69.9,0.5
1743292397,2025-03-29T18:53:17,22.3,53.4,0.0
1743295997,2025-03-29T19:53:17,22.4,66.1,1.0
1743299597,2025-03-29T20:53:17,15.0,65.8,0.0
1743303197,2025-03-29T21:53:17,18.2,46.5,0.0
1743306797,2025-03-29T22:53:17,24.8,81.5,0.0
1743310397,2025-03-29T23:53:17,17.6,77.2,1.0
1743313997,2025-03-30T00:53:17,17.2,49.2,0.0
1743317597,2025-03-30T01:53:17,24.7,85.4,0.2
1743321197,2025-03-30T02:53:17,22.0,83.5,0.0
1743324797,2025-03-30T03:53:17,17.4,43.6,0.0
1743328397,2025-03-30T04:53:17,18.8,72.7,0.0
1743331997,2025-03-30T05:53:17,13.3,77.4,0.0
1743335597,2025-03-30T06:53:17,17.9,91.0,0.0
1743339197,2025-03-30T07:53:17,19.4,42.9,0.0
1743342797,2025-03-30T08:53:17,15.4,74.4,0.1
1743346397,2025-03-30T09:53:17,24.6,81.6,0.0
1743349997,2025-03-30T10:53:17,18.1,73.9,0.0
1743353597,2025-03-30T11:53:17,16.2,90.9,0.0
1743357197,2025-03-30T12:53:17,26.5,60.2,0.0
1743360797,2025-03-30T13:53:17,18.7,83.9,2.0
1743364397,2025-03-30T14:53:17,20.6,81.2,0.0
1743367997,2025-03-30T15:53:17,20.9,64.3,0.0
1743371597,2025-03-30T16:53:17,19.1,44.8,0.0
1743375197,2025-03-30T17:53:17,13.6,92.6,0.1
1743378797,2025-03-30T18:53:17,24.3,51.2,0.0
1743382397,2025-03-30T19:53:17,15.8,49.6,0.0
1743385997,2025-03-30T20:53:17,16.3,48.6,0.0
1743389597,2025-03-30T21:53:17,22.6,54.4,0.0
1743393197,2025-03-30T22:53:17,18.3,90.4,0.5
1743396797,2025-03-30T23:53:17,13.1,91.6,0.0
1743400397,2025-03-31T00:53:17,20.3,90.8,0.0
1743403997,2025-03-31T01:53:17,23.8,78.2,0.0
1743407597,2025-03-31T02:53:17,24.5,77.6,0.0
1743411197,2025-03-31T03:53:17,18.0,92.8,0.0
1743414797,2025-03-31T04:53:17,23.9,93.6,0.0
1743418397,2025-03-31T05:53:17,15.8,63.7,2.0
1743421997,2025-03-31T06:53:17,21.3,60.5,0.0
1743425597,2025-03-31T07:53:17,17.4,64.8,0.0
1743429197,2025-03-31T08:53:17,14.0,61.0,0.0
1743432797,2025-03-31T09:53:17,22.1,77.0,0.0
1743436397,2025-03-31T10:53:17,23.2,70.4,0.0
1743439997,2025-03-31T11:53:17,18.3,88.5,0.0
1743443597,2025-03-31T12:53:17,13.0,87.8,0.0
1743447197,2025-03-31T13:53:17,17.5,72.8,0.0
1743450797,2025-03-31T14:53:17,17.0,94.9,0.0
1743454397,2025-03-31T15:53:17,16.3,43.5,0.0
1743457997,2025-03-31T16:53:17,25.0,67.7,0.0
1743461597,2025-03-31T17:53:17,16.0,44.5,1.0
1743465197,2025-03-31T18:53:17,14.1,91.1,0.0
1743468797,2025-03-31T19:53:17,15.8,91.7,0.0
1743472397,2025-03-31T20:53:17,21.3,64.4,0.0
1743475997,2025-03-31T21:53:17,25.0,66.0,0.1
1743479597,2025-03-31T22:53:17,15.9,54.1,0.5
1743483197,2025-03-31T23:53:17,26.3,71.2,0.0
1743486797,2025-04-01T00:53:17,17.4,86.3,0.0
1743490397,2025-04-01T01:53:17,21.7,88.7,0.0
1743493997,2025-04-01T02:53:17,22.6,64.1,0.0
1743497597,2025-04-01T03:53:17,18.8,68.6,0.0
1743501197,2025-04-01T04:53:17,19.0,74.8,0.0
1743504797,2025-04-01T05:53:17,26.9,84.0,2.0
1743508397,2025-04-01T06:53:17,27.5,61.7,0.5
1743511997,2025-04-01T07:53:17,23.6,56.8,0.0
1743515597,2025-04-01T08:53:17,16.1,76.0,0.0
1743519197,2025-04-01T09:53:17,15.4,46.5,0.0
1743522797,2025-04-01T10:53:17,15.9,83.6,2.0
1743526397,2025-04-01T11:53:17,21.0,92.2,0.0
1743529997,2025-04-01T12:53:17,17.7,86.3,0.1
1743533597,2025-04-01T13:53:17,15.9,77.0,2.0
1743537197,2025-04-01T14:53:17,27.6,72.8,0.0
1743540797,2025-04-01T15:53:17,17.7,92.7,0.0
1743544397,2025-04-01T16:53:17,16.8,80.4,0.0
1743547997,2025-04-01T17:53:17,26.9,67.0,0.0
1743551597,2025-04-01T18:53:17,19.9,78.8,0.0
1743555197,2025-04-01T19:53:17,13.4,44.6,0.0
1743558797,2025-04-01T20:53:17,18.9,85.5,0.0
1743562397,2025-04-01T21:53:17,16.7,44.0,0.0
1743565997,2025-04-01T22:53:17,25.7,73.6,0.0
1743569597,2025-04-01T23:53:17,25.8,61.6,0.0
1743573197,2025-04-02T00:53:17,25.2,69.8,0.1
1743576797,2025-04-02T01:53:17,19.4,61.1,2.0
1743580397,2025-04-02T02:53:17,13.2,92.0,0.0
1743583997,2025-04-02T03:53:17,22.6,55.8,0.0
1743587597,2025-04-02T04:53:17,14.9,80.8,0.0
1743591197,2025-04-02T05:53:17,22.8,66.2,0.1
1743594797,2025-04-02T06:53:17,13.1,77.2,0.1
1743598397,2025-04-02T07:53:17,22.8,44.4,0.1
1743601997,2025-04-02T08:53:17,13.3,64.2,0.1
1743605597,2025-04-02T09:53:17,22.1,54.0,0.0
1743609197,2025-04-02T10:53:17,23.8,63.2,0.0
1743612797,2025-04-02T11:53:17,26.0,60.0,0.0
1743616397,2025-04-02T12:53:17,16.4,94.8,0.0
1743619997,2025-04-02T13:53:17,17.2,66.9,0.5
1743623597,2025-04-02T14:53:17,22.6,67.7,0.0
1743627197,2025-04-02T15:53:17,15.5,45.1,0.0
1743630797,2025-04-02T16:53:17,16.8,69.3,0.0
1743634397,2025-04-02T17:53:17,27.4,84.0,0.0
1743637997,2025-04-02T18:53:17,18.1,93.5,0.0
1743641597,2025-04-02T19:53:17,19.2,69.9,0.0
1743645197,2025-04-02T20:53:17,13.5,58.3,0.0
1743648797,2025-04-02T21:53:17,14.4,79.4,0.0
1743652397,2025-04-02T22:53:17,22.9,66.4,0.0
1743655997,2025-04-02T23:53:17,16.3,73.1,0.0
1743659597,2025-04-03T00:53:17,16.9,88.3,2.0
1743663197,2025-04-03T01:53:17,26.2,65.8,0.0
1743666797,2025-04-03T02:53:17,23.1,84.4,0.0
1743670397,2025-04-03T03:53:17,27.9,77.1,0.0
1743673997,2025-04-03T04:53:17,19.3,42.7,0.1
1743677597,2025-04-03T05:53:17,21.7,70.6,0.2
1743681197,2025-04-03T06:53:17,13.8,79.3,0.0
1743684797,2025-04-03T07:53:17,15.7,64.7,0.1
1743688397,2025-04-03T08:53:17,27.2,68.6,0.0
1743691997,2025-04-03T09:53:17,20.5,59.2,0.0
1743695597,2025-04-03T10:53:17,15.9,55.6,0.0
1743699197,2025-04-03T11:53:17,25.9,45.1,0.0
1743702797,2025-04-03T12:53:17,23.8,70.7,0.0
1743706397,2025-04-03T13:53:17,16.8,64.9,0.0
1743709997,2025-04-03T14:53:17,26.8,94.0,0.0
1743713597,2025-04-03T15:53:17,24.6,46.4,0.0
1743717197,2025-04-03T16:53:17,26.1,59.9,0.0
1743720797,2025-04-03T17:53:17,20.6,82.1,0.0
1743724397,2025-04-03T18:53:17,17.0,64.3,0.0
1743727997,2025-04-03T19:53:17,17.2,87.8,0.0
1743731597,2025-04-03T20:53:17,20.5,50.7,0.0
1743735197,2025-04-03T21:53:17,24.8,70.3,0.0
1743738797,2025-04-03T22:53:17,14.2,66.0,0.0
1743742397,2025-04-03T23:53:17,26.5,42.7,0.0
1743745997,2025-04-04T00:53:17,19.4,85.4,0.0
1743749597,2025-04-04T01:53:17,15.5,65.1,0.0
1743753197,2025-04-04T02:53:17,18.4,47.7,0.0
1743756797,2025-04-04T03:53:17,23.5,87.3,0.0
1743760397,2025-04-04T04:53:17,23.0,79.2,0.0
1743763997,2025-04-04T05:53:17,14.4,50.3,0.0
1743767597,2025-04-04T06:53:17,26.3,78.3,0.0
1743771197,2025-04-04T07:53:17,25.1,72.2,0.0
1743774797,2025-04-04T08:53:17,27.9,65.5,0.0
1743778397,2025-04-04T09:53:17,20.4,88.4,0.1
1743781997,2025-04-04T10:53:17,14.4,91.2,0.0
1743785597,2025-04-04T11:53:17,15.5,85.6,0.1
1743789197,2025-04-04T12:53:17,18.9,49.9,0.0
1743792797,2025-04-04T13:53:17,23.6,64.7,0.5
1743796397,2025-04-04T14:53:17,24.7,45.5,0.0
1743799997,2025-04-04T15:53:17,13.5,47.3,0.0
1743803597,2025-04-04T16:53:17,22.9,80.2,0.0
1743807197,2025-04-04T17:53:17,15.3,78.9,0.0
1743810797,2025-04-04T18:53:17,15.9,44.3,2.0
1743814397,2025-04-04T19:53:17,22.5,51.6,0.0
1743817997,2025-04-04T20:53:17,20.4,65.8,0.0
1743821597,2025-04-04T21:53:17,21.4,49.6,0.0
1743825197,2025-04-04T22:53:17,15.5,87.2,0.0
1743828797,2025-04-04T23:53:17,26.9,89.5,0.0
1743832397,2025-04-05T00:53:17,14.0,58.3,0.0
1743835997,2025-04-05T01:53:17,22.5,65.9,1.0
1743839597,2025-04-05T02:53:17,25.8,68.4,1.0
1743843197,2025-04-05T03:53:17,19.8,71.6,0.0
1743846797,2025-04-05T04:53:17,28.0,88.9,0.0
1743850397,2025-04-05T05:53:17,13.8,54.8,0.2
1743853997,2025-04-05T06:53:17,18.2,68.9,0.0
1743857597,2025-04-05T07:53:17,21.2,81.4,0.0
1743861197,2025-04-05T08:53:17,16.4,76.2,0.0
1743864797,2025-04-05T09:53:17,14.0,81.4,0.0
1743868397,2025-04-05T10:53:17,18.6,89.9,0.0
1743871997,2025-04-05T11:53:17,22.9,90.5,0.0
1743875597,2025-04-05T12:53:17,22.5,58.4,0.0
1743879197,2025-04-05T13:53:17,16.8,75.6,0.0
1743882797,2025-04-05T14:53:17,27.8,92.3,0.0
1743886397,2025-04-05T15:53:17,15.5,45.5,0.5
1743889997,2025-04-05T16:53:17,27.2,54.2,0.0
1743893597,2025-04-05T17:53:17,23.8,51.4,1.0
1743897197,2025-04-05T18:53:17,20.8,63.0,0.1
1743900797,2025-04-05T19:53:17,16.3,41.6,0.0
1743904397,2025-04-05T20:53:17,22.8,63.3,0.2
1743907997,2025-04-05T21:53:17,17.7,43.6,0.0
1743911597,2025-04-05T22:53:17,16.7,88.4,0.2
1743915197,2025-04-05T23:53:17,19.8,63.0,0.0
1743918797,2025-04-06T00:53:17,14.7,69.0,0.0
1743922397,2025-04-06T01:53:17,15.7,43.8,0.2
1743925997,2025-04-06T02:53:17,13.6,92.2,1.0
1743929597,2025-04-06T03:53:17,18.1,40.7,0.0
1743933197,2025-04-06T04:53:17,21.4,76.2,0.1
1743936797,2025-04-06T05:53:17,17.9,68.6,0.0
1743940397,2025-04-06T06:53:17,18.7,42.0,0.0
1743943997,2025-04-06T07:53:17,19.5,57.7,0.0
1743947597,2025-04-06T08:53:17,20.5,77.6,2.0
1743951197,2025-04-06T09:53:17,24.2,51.7,2.0
1743954797,2025-04-06T10:53:17,15.4,45.5,0.0
1743958397,2025-04-06T11:53:17,20.9,48.7,0.1
1743961997,2025-04-06T12:53:17,21.3,44.3,0.0
1743965597,2025-04-06T13:53:17,21.2,88.0,0.1
1743969197,2025-04-06T14:53:17,19.7,80.0,0.0
1743972797,2025-04-06T15:53:17,23.3,55.0,0.1
1743976397,2025-04-06T16:53:17,27.2,46.6,0.1
1743979997,2025-04-06T17:53:17,14.5,75.8,0.0
1743983597,2025-04-06T18:53:17,22.7,82.9,0.0
1743987197,2025-04-06T19:53:17,16.8,54.8,0.0
1743990797,2025-04-06T20:53:17,15.8,83.0,0.0
1743994397,2025-04-06T21:53:17,21.0,54.5,0.1
1743997997,2025-04-06T22:53:17,20.6,59.0,0.0
1744001597,2025-04-06T23:53:17,19.3,47.0,0.0
1744005197,2025-04-07T00:53:17,16.8,81.3,0.0
1744008797,2025-04-07T01:53:17,26.8,45.9,0.1
1744012397,2025-04-07T02:53:17,28.0,84.0,0.0
1744015997,2025-04-07T03:53:17,25.5,44.0,0.0
1744019597,2025-04-07T04:53:17,22.7,67.8,0.0
1744023197,2025-04-07T05:53:17,28.1,44.2,0.0
1744026797,2025-04-07T06:53:17,24.0,75.8,0.0
1744030397,2025-04-07T07:53:17,17.5,70.0,0.0
1744033997,2025-04-07T08:53:17,21.3,87.4,0.1
1744037597,2025-04-07T09:53:17,13.8,82.3,0.0
1744041197,2025-04-07T10:53:17,14.3,61.8,0.0
1744044797,2025-04-07T11:53:17,17.0,91.7,0.0
1744048397,2025-04-07T12:53:17,13.9,51.8,0.1
1744051997,2025-04-07T13:53:17,21.6,80.2,0.0
1744055597,2025-04-07T14:53:17,14.3,89.1,0.1
1744059197,2025-04-07T15:53:17,21.0,81.6,0.0
1744062797,2025-04-07T16:53:17,24.3,63.5,0.0
1744066397,2025-04-07T17:53:17,19.9,68.1,0.0
1744069997,2025-04-07T18:53:17,24.1,85.9,0.0
1744073597,2025-04-07T19:53:17,23.9,50.0,2.0
1744077197,2025-04-07T20:53:17,26.5,47.9,0.0
1744080797,2025-04-07T21:53:17,15.3,49.3,1.0
1744084397,2025-04-07T22:53:17,25.3,87.4,0.0
1744087997,2025-04-07T23:53:17,13.9,61.7,0.0
1744091597,2025-04-08T00:53:17,16.7,90.9,2.0
1744095197,2025-04-08T01:53:17,25.0,72.6,0.5
1744098797,2025-04-08T02:53:17,19.7,90.2,0.0
1744102397,2025-04-08T03:53:17,23.2,55.3,0.0
1744105997,2025-04-08T04:53:17,22.7,67.9,0.0
1744109597,2025-04-08T05:53:17,28.2,47.3,1.0
1744113197,2025-04-08T06:53:17,19.1,52.0,0.0
1744116797,2025-04-08T07:53:17,22.8,63.8,0.0
1744120397,2025-04-08T08:53:17,16.8,46.1,0.0
1744123997,2025-04-08T09:53:17,20.8,77.8,0.1
1744127597,2025-04-08T10:53:17,13.7,69.0,0.2
1744131197,2025-04-08T11:53:17,19.5,68.4,0.1
1744134797,2025-04-08T12:53:17,24.0,62.6,0.0
1744138397,2025-04-08T13:53:17,18.7,73.4,0.1
1744141997,2025-04-08T14:53:17,16.7,90.6,1.0
1744145597,2025-04-08T15:53:17,14.3,93.6,0.0
1744149197,2025-04-08T16:53:17,18.8,41.1,1.0
1744152797,2025-04-08T17:53:17,26.7,90.8,0.0
1744156397,2025-04-08T18:53:17,26.8,65.5,0.1
1744159997,2025-04-08T19:53:17,28.3,71.0,0.0
1744163597,2025-04-08T20:53:17,23.2,64.1,0.0
1744167197,2025-04-08T21:53:17,28.5,86.5,0.0
1744170797,2025-04-08T22:53:17,18.7,44.3,0.0
1744174397,2025-04-08T23:53:17,15.6,84.3,0.0
1744177997,2025-04-09T00:53:17,24.7,87.2,0.0
1744181597,2025-04-09T01:53:17,25.3,59.4,0.0
1744185197,2025-04-09T02:53:17,25.2,93.0,0.0
1744188797,2025-04-09T03:53:17,14.4,79.5,0.0
1744192397,2025-04-09T04:53:17,23.2,69.8,0.0
1744195997,2025-04-09T05:53:17,25.6,82.2,2.0
1744199597,2025-04-09T06:53:17,24.7,76.7,0.1
1744203197,2025-04-09T07:53:17,25.2,87.1,0.0
1744206797,2025-04-09T08:53:17,22.2,44.8,0.0
1744210397,2025-04-09T09:53:17,14.5,47.3,0.0
1744213997,2025-04-09T10:53:17,26.5,77.3,0.5
1744217597,2025-04-09T11:53:17,17.6,76.2,0.1
1744221197,2025-04-09T12:53:17,15.5,87.9,0.2
1744224797,2025-04-09T13:53:17,21.8,64.2,0.1
1744228397,2025-04-09T14:53:17,14.4,84.3,0.0
1744231997,2025-04-09T15:53:17,24.8,90.1,0.1
1744235597,2025-04-09T16:53:17,21.4,73.3,0.1
1744239197,2025-04-09T17:53:17,18.3,46.2,1.0
1744242797,2025-04-09T18:53:17,26.2,59.2,0.0
1744246397,2025-04-09T19:53:17,26.7,44.6,0.0
1744249997,2025-04-09T20:53:17,26.9,57.1,0.0
1744253597,2025-04-09T21:53:17,19.8,73.4,0.0
1744257197,2025-04-09T22:53:17,23.0,50.1,1.0
1744260797,2025-04-09T23:53:17,17.2,43.7,0.5
1744264397,2025-04-10T00:53:17,16.7,76.8,0.1
1744267997,2025-04-10T01:53:17,27.9,77.1,0.0
1744271597,2025-04-10T02:53:17,21.9,64.7,0.1
1744275197,2025-04-10T03:53:17,24.0,60.0,0.5
1744278797,2025-04-10T04:53:17,28.0,82.5,0.0
1744282397,2025-04-10T05:53:17,15.9,79.2,1.0
1744285997,2025-04-10T06:53:17,25.7,47.1,0.0
1744289597,2025-04-10T07:53:17,21.5,72.4,0.1
1744293197,2025-04-10T08:53:17,20.4,78.4,0.0
1744296797,2025-04-10T09:53:17,21.0,84.0,0.0
1744300397,2025-04-10T10:53:17,14.4,92.3,0.0
1744303997,2025-04-10T11:53:17,20.9,61.2,0.0
1744307597,2025-04-10T12:53:17,24.9,75.3,0.1
1744311197,2025-04-10T13:53:17,15.9,80.4,0.0
1744314797,2025-04-10T14:53:17,24.1,94.2,0.0
1744318397,2025-04-10T15:53:17,18.2,81.3,0.0
1744321997,2025-04-10T16:53:17,19.3,47.8,0.0
1744325597,2025-04-10T17:53:17,21.8,70.1,0.0
1744329197,2025-04-10T18:53:17,18.5,67.4,0.0
1744332797,2025-04-10T19:53:17,22.0,40.2,0.0
1744336397,2025-04-10T20:53:17,16.9,44.0,0.2
1744339997,2025-04-10T21:53:17,28.3,55.6,0.0
1744343597,2025-04-10T22:53:17,18.2,67.0,0.0
1744347197,2025-04-10T23:53:17,17.7,56.6,0.0
1744350797,2025-04-11T00:53:17,18.2,48.4,0.0
1744354397,2025-04-11T01:53:17,24.9,63.4,0.0
1744357997,2025-04-11T02:53:17,27.4,81.0,0.0
1744361597,2025-04-11T03:53:17,24.6,53.4,0.2
1744365197,2025-04-11T04:53:17,14.9,80.7,0.0
1744368797,2025-04-11T05:53:17,22.8,49.9,0.0
1744372397,2025-04-11T06:53:17,28.9,42.6,0.0
1744375997,2025-04-11T07:53:17,14.2,78.8,0.0
1744379597,2025-04-11T08:53:17,28.6,68.3,0.0
1744383197,2025-04-11T09:53:17,14.9,49.2,0.0
1744386797,2025-04-11T10:53:17,15.8,72.6,0.0
1744390397,2025-04-11T11:53:17,15.5,42.3,0.0
1744393997,2025-04-11T12:53:17,17.1,63.5,0.1
1744397597,2025-04-11T13:53:17,18.3,85.6,0.0
1744401197,2025-04-11T14:53:17,19.1,63.9,0.0
1744404797,2025-04-11T15:53:17,25.6,93.0,0.1
1744408397,2025-04-11T16:53:17,20.8,72.4,0.0
1744411997,2025-04-11T17:53:17,15.2,74.0,0.0
1744415597,2025-04-11T18:53:17,17.2,86.3,0.2
1744419197,2025-04-11T19:53:17,16.5,78.9,0.0
1744422797,2025-04-11T20:53:17,17.4,55.9,0.1
1744426397,2025-04-11T21:53:17,25.9,94.2,0.0
1744429997,2025-04-11T22:53:17,22.4,89.9,1.0
1744433597,2025-04-11T23:53:17,26.4,65.3,2.0
1744437197,2025-04-12T00:53:17,19.2,63.7,0.1
1744440797,2025-04-12T01:53:17,26.1,76.5,0.0
1744444397,2025-04-12T02:53:17,26.0,85.3,0.2
1744447997,2025-04-12T03:53:17,20.1,93.8,0.0
1744451597,2025-04-12T04:53:17,27.7,43.8,0.0
1744455197,2025-04-12T05:53:17,23.2,93.2,0.0
1744458797,2025-04-12T06:53:17,14.6,72.9,0.0
1744462397,2025-04-12T07:53:17,21.5,62.8,0.0
1744465997,2025-04-12T08:53:17,20.9,89.8,0.2
1744469597,2025-04-12T09:53:17,26.2,70.5,0.0
1744473197,2025-04-12T10:53:17,19.8,58.8,0.0
1744476797,2025-04-12T11:53:17,28.3,59.6,0.0
1744480397,2025-04-12T12:53:17,16.2,89.4,0.0
1744483997,2025-04-12T13:53:17,21.5,44.0,0.0
1744487597,2025-04-12T14:53:17,23.6,45.0,0.0
1744491197,2025-04-12T15:53:17,23.6,88.7,0.0
1744494797,2025-04-12T16:53:17,18.5,41.0,0.0
1744498397,2025-04-12T17:53:17,28.8,51.1,0.0
1744501997,2025-04-12T18:53:17,17.7,72.6,0.0
1744505597,2025-04-12T19:53:17,14.5,87.9,0.0
1744509197,2025-04-12T20:53:17,26.2,76.2,0.1
1744512797,2025-04-12T21:53:17,17.3,79.8,0.0
1744516397,2025-04-12T22:53:17,21.4,66.0,0.0
1744519997,2025-04-12T23:53:17,20.6,49.9,0.1
1744523597,2025-04-13T00:53:17,16.5,40.8,0.1
1744527197,2025-04-13T01:53:17,24.5,80.6,2.0
1744530797,2025-04-13T02:53:17,14.9,56.6,0.0
1744534397,2025-04-13T03:53:17,26.8,88.2,0.5
1744537997,2025-04-13T04:53:17,28.4,56.9,0.1
1744541597,2025-04-13T05:53:17,23.3,85.0,0.0
1744545197,2025-04-13T06:53:17,20.8,73.4,0.0
1744548797,2025-04-13T07:53:17,15.5,73.1,0.1
1744552397,2025-04-13T08:53:17,19.8,75.5,0.0
1744555997,2025-04-13T09:53:17,25.1,87.3,0.0
1744559597,2025-04-13T10:53:17,23.0,79.9,0.0
1744563197,2025-04-13T11:53:17,28.3,50.7,0.0
1744566797,2025-04-13T12:53:17,22.3,62.3,0.0
1744570397,2025-04-13T13:53:17,27.6,53.5,2.0
1744573997,2025-04-13T14:53:17,26.0,69.8,0.2
1744577597,2025-04-13T15:53:17,21.1,52.8,0.0
1744581197,2025-04-13T16:53:17,16.2,53.5,0.0
1744584797,2025-04-13T17:53:17,20.1,82.0,0.0
1744588397,2025-04-13T18:53:17,24.0,51.8,0.1
1744591997,2025-04-13T19:53:17,22.0,91.3,0.0
1744595597,2025-04-13T20:53:17,17.3,94.9,2.0
1744599197,2025-04-13T21:53:17,22.1,64.7,0.0
1744602797,2025-04-13T22:53:17,22.0,65.9,0.0
1744606397,2025-04-13T23:53:17,17.7,94.5,0.0
1744609997,2025-04-14T00:53:17,15.2,54.9,1.0
1744613597,2025-04-14T01:53:17,27.8,60.6,0.0
1744617197,2025-04-14T02:53:17,19.0,62.8,0.0
1744620797,2025-04-14T03:53:17,23.2,71.5,0.1
1744624397,2025-04-14T04:53:17,25.9,70.1,1.0
1744627997,2025-04-14T05:53:17,14.9,54.1,0.0
1744631597,2025-04-14T06:53:17,25.3,44.2,0.0
1744635197,2025-04-14T07:53:17,19.6,76.4,0.0
1744638797,2025-04-14T08:53:17,25.5,71.5,0.1
1744642397,2025-04-14T09:53:17,15.4,85.9,0.0
1744645997,2025-04-14T10:53:17,28.2,89.8,0.0
1744649597,2025-04-14T11:53:17,28.4,86.9,0.0
1744653197,2025-04-14T12:53:17,20.6,89.0,0.0
1744656797,2025-04-14T13:53:17,22.1,46.2,0.0
1744660397,2025-04-14T14:53:17,18.1,64.6,0.1
1744663997,2025-04-14T15:53:17,23.7,66.2,0.0
1744667597,2025-04-14T16:53:17,14.8,64.5,0.0
1744671197,2025-04-14T17:53:17,16.7,48.8,0.0
1744674797,2025-04-14T18:53:17,29.7,74.8,0.1
1744678397,2025-04-14T19:53:17,29.2,81.3,0.0
1744681997,2025-04-14T20:53:17,22.9,40.6,0.0
1744685597,2025-04-14T21:53:17,16.5,46.5,0.0
1744689197,2025-04-14T22:53:17,21.6,86.4,0.0
1744692797,2025-04-14T23:53:17,28.7,68.6,0.2
1744696397,2025-04-15T00:53:17,19.9,77.1,1.0
1744699997,2025-04-15T01:53:17,19.2,86.2,0.0
1744703597,2025-04-15T02:53:17,20.1,70.2,0.0
1744707197,2025-04-15T03:53:17,27.5,74.9,0.1
1744710797,2025-04-15T04:53:17,27.6,40.9,0.0
1744714397,2025-04-15T05:53:17,20.5,46.8,0.0
1744717997,2025-04-15T06:53:17,20.4,75.5,0.0
1744721597,2025-04-15T07:53:17,19.0,88.3,0.0
1744725197,2025-04-15T08:53:17,29.1,86.8,0.2
1744728797,2025-04-15T09:53:17,25.0,46.7,0.1
1744732397,2025-04-15T10:53:17,27.6,75.5,0.0
1744735997,2025-04-15T11:53:17,18.0,93.8,0.0
1744739597,2025-04-15T12:53:17,25.6,94.0,0.0
1744743197,2025-04-15T13:53:17,23.1,50.5,0.0
1744746797,2025-04-15T14:53:17,26.4,53.8,0.0
1744750397,2025-04-15T15:53:17,21.4,54.3,0.0
1744753997,2025-04-15T16:53:17,17.3,57.2,0.0
1744757597,2025-04-15T17:53:17,28.0,77.8,0.0
1744761197,2025-04-15T18:53:17,29.8,76.1,2.0
1744764797,2025-04-15T19:53:17,27.9,86.2,0.0
1744768397,2025-04-15T20:53:17,25.7,86.9,0.0
1744771997,2025-04-15T21:53:17,29.9,58.9,0.0
1744775597,2025-04-15T22:53:17,15.4,47.7,2.0
1744779197,2025-04-15T23:53:17,24.8,63.8,0.5
1744782797,2025-04-16T00:53:17,17.7,66.0,0.0
1744786397,2025-04-16T01:53:17,28.6,43.4,0.0
1744789997,2025-04-16T02:53:17,19.9,52.9,0.0
1744793597,2025-04-16T03:53:17,17.2,77.0,0.0
1744797197,2025-04-16T04:53:17,15.2,63.8,0.1
1744800797,2025-04-16T05:53:17,18.9,91.5,2.0
1744804397,2025-04-16T06:53:17,29.4,52.1,0.0
1744807997,2025-04-16T07:53:17,27.9,54.3,0.0
1744811597,2025-04-16T08:53:17,20.8,88.1,0.2
1744815197,2025-04-16T09:53:17,29.5,41.5,0.0
1744818797,2025-04-16T10:53:17,23.3,43.0,0.0
1744822397,2025-04-16T11:53:17,16.9,49.3,0.0
1744825997,2025-04-16T12:53:17,16.9,59.4,0.0
1744829597,2025-04-16T13:53:17,16.6,79.2,0.0
1744833197,2025-04-16T14:53:17,29.8,84.8,0.5
1744836797,2025-04-16T15:53:17,22.2,57.9,0.0
1744840397,2025-04-16T16:53:17,23.7,60.3,0.0
1744843997,2025-04-16T17:53:17,26.9,40.1,0.0
1744847597,2025-04-16T18:53:17,25.8,67.6,0.1
1744851197,2025-04-16T19:53:17,21.1,77.4,0.0
1744854797,2025-04-16T20:53:17,17.1,72.6,0.0
1744858397,2025-04-16T21:53:17,22.9,83.0,1.0
1744861997,2025-04-16T22:53:17,27.0,49.2,0.2
1744865597,2025-04-16T23:53:17,16.5,62.0,0.0
1744869197,2025-04-17T00:53:17,15.2,55.6,0.0
1744872797,2025-04-17T01:53:17,27.6,58.5,0.0
1744876397,2025-04-17T02:53:17,18.4,81.7,0.0
1744879997,2025-04-17T03:53:17,22.2,85.6,0.0
1744883597,2025-04-17T04:53:17,18.4,87.8,0.0
1744887197,2025-04-17T05:53:17,24.1,74.4,0.0
1744890797,2025-04-17T06:53:17,27.4,71.8,2.0
1744894397,2025-04-17T07:53:17,15.7,61.6,0.0
1744897997,2025-04-17T08:53:17,21.0,70.0,0.0
1744901597,2025-04-17T09:53:17,28.5,71.7,0.2
1744905197,2025-04-17T10:53:17,18.9,83.6,0.0
1744908797,2025-04-17T11:53:17,16.2,73.2,0.1
1744912397,2025-04-17T12:53:17,18.5,86.8,0.0
1744915997,2025-04-17T13:53:17,15.1,52.0,0.0
1744919597,2025-04-17T14:53:17,15.6,79.5,0.1
1744923197,2025-04-17T15:53:17,18.3,66.6,0.1
1744926797,2025-04-17T16:53:17,29.8,79.4,0.0
1744930397,2025-04-17T17:53:17,16.8,71.9,0.0
1744933997,2025-04-17T18:53:17,23.2,78.4,0.0
1744937597,2025-04-17T19:53:17,23.2,68.0,0.1
1744941197,2025-04-17T20:53:17,24.2,43.0,0.0
1744944797,2025-04-17T21:53:17,19.0,76.3,0.0
1744948397,2025-04-17T22:53:17,22.1,93.4,0.0
1744951997,2025-04-17T23:53:17,29.7,68.6,0.0
1744955597,2025-04-18T00:53:17,15.3,93.1,1.0
1744959197,2025-04-18T01:53:17,18.0,45.0,0.5
1744962797,2025-04-18T02:53:17,25.3,94.0,2.0
1744966397,2025-04-18T03:53:17,17.3,51.6,0.0
1744969997,2025-04-18T04:53:17,22.4,49.5,0.0
1744973597,2025-04-18T05:53:17,21.2,69.7,0.0
1744977197,2025-04-18T06:53:17,25.7,92.3,0.0
1744980797,2025-04-18T07:53:17,26.6,81.4,0.0
1744984397,2025-04-18T08:53:17,25.5,43.8,0.0
1744987997,2025-04-18T09:53:17,16.2,77.5,1.0
1744991597,2025-04-18T10:53:17,20.0,74.9,0.0
1744995197,2025-04-18T11:53:17,22.4,90.6,0.5
1744998797,2025-04-18T12:53:17,29.1,60.4,0.0
1745002397,2025-04-18T13:53:17,21.0,56.7,1.0
1745005997,2025-04-18T14:53:17,25.0,68.2,0.0
1745009597,2025-04-18T15:53:17,26.3,43.5,0.0
1745013197,2025-04-18T16:53:17,17.0,46.6,0.0
1745016797,2025-04-18T17:53:17,21.8,88.1,0.0
1745020397,2025-04-18T18:53:17,23.2,45.5,0.0
1745023997,2025-04-18T19:53:17,29.3,88.1,0.0
1745027597,2025-04-18T20:53:17,28.1,68.8,0.0
1745031197,2025-04-18T21:53:17,19.5,89.4,0.0
1745034797,2025-04-18T22:53:17,24.5,87.2,0.0
1745038397,2025-04-18T23:53:17,25.8,46.7,0.0
1745041997,2025-04-19T00:53:17,22.2,40.8,0.0
1745045597,2025-04-19T01:53:17,15.9,48.0,2.0
1745049197,2025-04-19T02:53:17,25.3,67.8,0.0
1745052797,2025-04-19T03:53:17,30.1,80.2,0.0
1745056397,2025-04-19T04:53:17,23.0,49.1,0.0
1745059997,2025-04-19T05:53:17,19.1,67.4,0.0
1745063597,2025-04-19T06:53:17,21.1,70.6,0.0
1745067197,2025-04-19T07:53:17,27.3,63.8,0.0
1745070797,2025-04-19T08:53:17,28.4,83.0,0.0
1745074397,2025-04-19T09:53:17,25.6,75.9,0.0
1745077997,2025-04-19T10:53:17,22.8,41.7,0.1
1745081597,2025-04-19T11:53:17,18.2,80.9,2.0
1745085197,2025-04-19T12:53:17,20.5,44.6,0.0
1745088797,2025-04-19T13:53:17,17.6,42.2,0.1
1745092397,2025-04-19T14:53:17,18.7,57.0,0.0
1745095997,2025-04-19T15:53:17,16.6,70.7,0.0
1745099597,2025-04-19T16:53:17,15.4,54.2,0.0
1745103197,2025-04-19T17:53:17,22.3,52.5,0.0
1745106797,2025-04-19T18:53:17,29.0,90.7,0.0
1745110397,2025-04-19T19:53:17,21.7,64.7,0.0
1745113997,2025-04-19T20:53:17,24.6,76.8,0.0
1745117597,2025-04-19T21:53:17,17.9,83.1,0.0
1745121197,2025-04-19T22:53:17,19.6,93.5,0.0
1745124797,2025-04-19T23:53:17,24.3,62.4,0.0
1745128397,2025-04-20T00:53:17,26.4,73.6,0.0
1745131997,2025-04-20T01:53:17,27.9,64.0,0.0
1745135597,2025-04-20T02:53:17,24.0,86.2,0.0
1745139197,2025-04-20T03:53:17,17.2,49.5,2.0
1745142797,2025-04-20T04:53:17,22.9,83.3,0.0
1745146397,2025-04-20T05:53:17,22.8,60.3,1.0
1745149997,2025-04-20T06:53:17,26.5,82.0,2.0
1745153597,2025-04-20T07:53:17,27.3,82.8,0.0
1745157197,2025-04-20T08:53:17,15.7,78.6,1.0
1745160797,2025-04-20T09:53:17,29.2,70.6,0.0
1745164397,2025-04-20T10:53:17,23.4,86.1,0.5
1745167997,2025-04-20T11:53:17,27.9,42.8,0.0
1745171597,2025-04-20T12:53:17,28.5,41.3,0.5
1745175197,2025-04-20T13:53:17,26.9,93.8,0.0
1745178797,2025-04-20T14:53:17,28.4,88.6,0.0
1745182397,2025-04-20T15:53:17,24.2,69.2,0.0
1745185997,2025-04-20T16:53:17,26.4,94.3,0.0
1745189597,2025-04-20T17:53:17,28.1,89.9,0.0
1745193197,2025-04-20T18:53:17,17.5,46.3,0.0
1745196797,2025-04-20T19:53:17,16.1,94.6,0.0
1745200397,2025-04-20T20:53:17,27.6,46.9,0.0
1745203997,2025-04-20T21:53:17,27.6,67.6,0.0
1745207597,2025-04-20T22:53:17,16.2,70.5,0.0
1745211197,2025-04-20T23:53:17,26.7,88.7,0.0
1745214797,2025-04-21T00:53:17,17.2,70.0,0.0
1745218397,2025-04-21T01:53:17,16.6,81.5,0.0
1745221997,2025-04-21T02:53:17,16.2,53.5,0.0
1745225597,2025-04-21T03:53:17,29.9,90.7,0.1
1745229197,2025-04-21T04:53:17,18.9,94.4,0.0
1745232797,2025-04-21T05:53:17,24.5,52.2,0.0
1745236397,2025-04-21T06:53:17,22.8,62.6,0.0
1745239997,2025-04-21T07:53:17,25.9,47.3,0.1
1745243597,2025-04-21T08:53:17,22.4,67.4,0.0
1745247197,2025-04-21T09:53:17,27.7,94.1,0.0
1745250797,2025-04-21T10:53:17,16.2,51.1,0.0
1745254397,2025-04-21T11:53:17,25.6,85.8,0.0
1745257997,2025-04-21T12:53:17,22.5,68.9,0.0
1745261597,2025-04-21T13:53:17,22.4,82.9,0.0
1745265197,2025-04-21T14:53:17,23.7,67.8,0.0
1745268797,2025-04-21T15:53:17,23.3,69.0,0.2
1745272397,2025-04-21T16:53:17,26.4,57.9,0.0
1745275997,2025-04-21T17:53:17,29.0,61.5,0.0
1745279597,2025-04-21T18:53:17,22.4,73.0,0.1
1745283197,2025-04-21T19:53:17,23.5,80.4,0.0
1745286797,2025-04-21T20:53:17,16.0,54.4,1.0
1745290397,2025-04-21T21:53:17,20.7,49.6,0.1
1745293997,2025-04-21T22:53:17,25.9,60.1,0.0
1745297597,2025-04-21T23:53:17,22.3,80.3,1.0
1745301197,2025-04-22T00:53:17,26.8,73.7,0.5
1745304797,2025-04-22T01:53:17,27.2,64.9,0.0
1745308397,2025-04-22T02:53:17,27.7,56.4,0.5
1745311997,2025-04-22T03:53:17,23.4,90.6,0.1
1745315597,2025-04-22T04:53:17,28.1,93.9,0.0
1745319197,2025-04-22T05:53:17,23.0,71.9,0.0
1745322797,2025-04-22T06:53:17,24.3,52.4,1.0
1745326397,2025-04-22T07:53:17,18.7,73.2,0.0
1745329997,2025-04-22T08:53:17,15.8,51.2,0.0
1745333597,2025-04-22T09:53:17,27.7,57.4,0.0
1745337197,2025-04-22T10:53:17,21.8,51.9,0.0
1745340797,2025-04-22T11:53:17,16.6,91.4,0.0
1745344397,2025-04-22T12:53:17,16.2,71.4,0.5
1745347997,2025-04-22T13:53:17,17.5,85.6,0.0
1745351597,2025-04-22T14:53:17,18.6,64.3,1.0
1745355197,2025-04-22T15:53:17,25.7,50.3,0.1
1745358797,2025-04-22T16:53:17,30.2,61.2,0.0
1745362397,2025-04-22T17:53:17,27.9,58.9,0.0
1745365997,2025-04-22T18:53:17,23.5,64.3,0.0
1745369597,2025-04-22T19:53:17,22.2,42.2,0.0
1745373197,2025-04-22T20:53:17,26.3,49.2,0.0
1745376797,2025-04-22T21:53:17,23.6,71.8,0.1
1745380397,2025-04-22T22:53:17,27.0,61.9,0.0
1745383997,2025-04-22T23:53:17,16.7,80.8,0.0
1745387597,2025-04-23T00:53:17,29.3,63.3,0.0
1745391197,2025-04-23T01:53:17,28.4,55.4,0.0
1745394797,2025-04-23T02:53:17,16.8,51.2,0.0
1745398397,2025-04-23T03:53:17,29.7,82.8,0.0
1745401997,2025-04-23T04:53:17,19.0,48.4,0.0
1745405597,2025-04-23T05:53:17,24.0,90.9,0.0
1745409197,2025-04-23T06:53:17,23.2,49.2,0.0
1745412797,2025-04-23T07:53:17,18.7,66.2,0.0
1745416397,2025-04-23T08:53:17,24.7,41.4,0.0
1745419997,2025-04-23T09:53:17,26.6,79.6,1.0
1745423597,2025-04-23T10:53:17,30.3,45.5,0.0
1745427197,2025-04-23T11:53:17,26.6,87.5,2.0
1745430797,2025-04-23T12:53:17,28.7,70.0,0.0
1745434397,2025-04-23T13:53:17,23.4,66.9,0.0
1745437997,2025-04-23T14:53:17,19.1,75.9,0.0
1745441597,2025-04-23T15:53:17,21.8,64.7,0.0
1745445197,2025-04-23T16:53:17,23.7,41.3,0.0
1745448797,2025-04-23T17:53:17,24.1,58.3,0.0
1745452397,2025-04-23T18:53:17,29.0,83.8,0.1
1745455997,2025-04-23T19:53:17,26.4,92.2,0.0
1745459597,2025-04-23T20:53:17,27.3,64.6,0.0
1745463197,2025-04-23T21:53:17,27.4,71.8,0.2
1745466797,2025-04-23T22:53:17,22.6,94.8,0.0
1745470397,2025-04-23T23:53:17,19.2,43.8,0.0
1745473997,2025-04-24T00:53:17,27.6,50.3,0.0
1745477597,2025-04-24T01:53:17,26.6,78.5,0.0
1745481197,2025-04-24T02:53:17,29.4,84.7,0.0
1745484797,2025-04-24T03:53:17,28.4,84.5,0.1
1745488397,2025-04-24T04:53:17,27.7,64.9,0.0
1745491997,2025-04-24T05:53:17,18.5,59.7,0.0
1745495597,2025-04-24T06:53:17,30.3,83.7,0.5
1745499197,2025-04-24T07:53:17,19.9,93.7,0.0
1745502797,2025-04-24T08:53:17,17.3,84.3,0.0
1745506397,2025-04-24T09:53:17,29.7,55.4,0.0
1745509997,2025-04-24T10:53:17,19.2,92.6,0.0
1745513597,2025-04-24T11:53:17,18.5,69.2,0.0
1745517197,2025-04-24T12:53:17,17.5,90.6,0.0
1745520797,2025-04-24T13:53:17,19.6,63.6,0.0
1745524397,2025-04-24T14:53:17,19.9,72.3,0.0
1745527997,2025-04-24T15:53:17,27.3,61.0,0.0
1745531597,2025-04-24T16:53:17,25.9,62.2,0.2
1745535197,2025-04-24T17:53:17,29.1,93.5,0.5
1745538797,2025-04-24T18:53:17,28.5,62.2,0.0
1745542397,2025-04-24T19:53:17,18.9,61.5,0.0
1745545997,2025-04-24T20:53:17,29.7,73.0,0.0
1745549597,2025-04-24T21:53:17,28.0,74.7,0.0
1745553197,2025-04-24T22:53:17,30.9,83.0,0.1
1745556797,2025-04-24T23:53:17,17.8,82.2,0.1
1745560397,2025-04-25T00:53:17,19.4,54.8,0.0
1745563997,2025-04-25T01:53:17,18.6,88.2,0.0
1745567597,2025-04-25T02:53:17,26.1,47.1,0.0
1745571197,2025-04-25T03:53:17,22.0,83.1,0.0
1745574797,2025-04-25T04:53:17,25.1,81.6,0.0
1745578397,2025-04-25T05:53:17,29.5,57.2,0.0
1745581997,2025-04-25T06:53:17,25.4,83.4,0.0
1745585597,2025-04-25T07:53:17,27.7,87.5,0.0
1745589197,2025-04-25T08:53:17,26.3,77.1,0.0
1745592797,2025-04-25T09:53:17,25.0,80.3,0.1
1745596397,2025-04-25T10:53:17,23.6,85.6,0.5
1745599997,2025-04-25T11:53:17,23.9,54.3,0.2
1745603597,2025-04-25T12:53:17,17.8,61.1,0.0
1745607197,2025-04-25T13:53:17,22.3,92.8,0.0
1745610797,2025-04-25T14:53:17,16.7,81.6,0.0
1745614397,2025-04-25T15:53:17,20.4,85.4,0.0
1745617997,2025-04-25T16:53:17,17.9,71.3,1.0
1745621597,2025-04-25T17:53:17,19.2,92.7,0.0
1745625197,2025-04-25T18:53:17,17.2,70.7,0.1
1745628797,2025-04-25T19:53:17,18.3,88.1,0.0
1745632397,2025-04-25T20:53:17,24.3,56.7,0.0
1745635997,2025-04-25T21:53:17,20.0,54.8,0.0
1745639597,2025-04-25T22:53:17,24.7,66.2,0.0
1745643197,2025-04-25T23:53:17,24.1,55.3,0.0
1745646797,2025-04-26T00:53:17,23.1,59.2,0.5
1745650397,2025-04-26T01:53:17,24.4,59.4,0.0
1745653997,2025-04-26T02:53:17,20.4,46.6,0.0
1745657597,2025-04-26T03:53:17,25.9,89.4,1.0
1745661197,2025-04-26T04:53:17,26.2,58.8,0.0
1745664797,2025-04-26T05:53:17,19.8,50.0,0.0
1745668397,2025-04-26T06:53:17,24.1,42.5,1.0
1745671997,2025-04-26T07:53:17,25.7,90.3,0.2
1745675597,2025-04-26T08:53:17,27.4,57.0,0.0
1745679197,2025-04-26T09:53:17,22.7,51.1,0.0
1745682797,2025-04-26T10:53:17,23.8,49.4,0.0
1745686397,2025-04-26T11:53:17,21.2,75.5,0.0
1745689997,2025-04-26T12:53:17,20.5,47.1,0.0
1745693597,2025-04-26T13:53:17,22.2,59.2,0.0
1745697197,2025-04-26T14:53:17,27.3,91.7,0.2
1745700797,2025-04-26T15:53:17,27.4,71.5,0.0
1745704397,2025-04-26T16:53:17,29.2,93.1,0.0
1745707997,2025-04-26T17:53:17,29.2,88.1,0.5
1745711597,2025-04-26T18:53:17,30.3,80.5,0.5
1745715197,2025-04-26T19:53:17,22.3,82.9,0.0
1745718797,2025-04-26T20:53:17,20.1,53.5,0.0
1745722397,2025-04-26T21:53:17,29.4,88.1,0.1
1745725997,2025-04-26T22:53:17,22.5,75.3,0.0
1745729597,2025-04-26T23:53:17,30.4,73.7,2.0
1745733197,2025-04-27T00:53:17,16.8,60.7,0.2
1745736797,2025-04-27T01:53:17,29.2,41.5,0.0
1745740397,2025-04-27T02:53:17,26.0,43.3,0.0
1745743997,2025-04-27T03:53:17,23.0,75.8,0.0
1745747597,2025-04-27T04:53:17,19.1,67.4,0.0
1745751197,2025-04-27T05:53:17,27.0,80.5,0.0
1745754797,2025-04-27T06:53:17,23.4,49.2,2.0
1745758397,2025-04-27T07:53:17,29.4,57.3,0.1
1745761997,2025-04-27T08:53:17,26.6,56.4,0.0
1745765597,2025-04-27T09:53:17,24.2,60.7,0.0
1745769197,2025-04-27T10:53:17,21.8,49.3,0.0
1745772797,2025-04-27T11:53:17,28.0,57.9,0.0
1745776397,2025-04-27T12:53:17,28.4,78.5,0.0
1745779997,2025-04-27T13:53:17,28.9,64.7,0.0
1745783597,2025-04-27T14:53:17,23.8,44.8,0.1
1745787197,2025-04-27T15:53:17,30.9,52.5,0.0
1745790797,2025-04-27T16:53:17,26.3,66.3,2.0
1745794397,2025-04-27T17:53:17,18.4,52.3,2.0
1745797997,2025-04-27T18:53:17,29.4,73.1,0.0
1745801597,2025-04-27T19:53:17,18.4,91.5,0.0
1745805197,2025-04-27T20:53:17,21.4,53.7,0.0
1745808797,2025-04-27T21:53:17,19.0,62.3,0.0
1745812397,2025-04-27T22:53:17,18.1,58.2,0.1
1745815997,2025-04-27T23:53:17,24.1,94.6,0.5
1745819597,2025-04-28T00:53:17,31.1,53.1,0.0
1745823197,2025-04-28T01:53:17,19.9,41.0,0.0
1745826797,2025-04-28T02:53:17,30.6,45.2,0.1
1745830397,2025-04-28T03:53:17,19.1,56.7,0.0
1745833997,2025-04-28T04:53:17,31.5,60.6,0.0
1745837597,2025-04-28T05:53:17,30.7,85.5,0.0
1745841197,2025-04-28T06:53:17,21.8,41.5,1.0
1745844797,2025-04-28T07:53:17,18.8,82.5,0.2
1745848397,2025-04-28T08:53:17,28.4,55.3,0.0
1745851997,2025-04-28T09:53:17,26.7,56.8,0.0
1745855597,2025-04-28T10:53:17,19.3,70.6,0.0
1745859197,2025-04-28T11:53:17,28.6,59.6,0.0
1745862797,2025-04-28T12:53:17,24.4,58.4,0.0
1745866397,2025-04-28T13:53:17,24.0,73.4,0.0
1745869997,2025-04-28T14:53:17,20.5,53.3,0.5
1745873597,2025-04-28T15:53:17,30.0,45.5,0.0
1745877197,2025-04-28T16:53:17,25.9,55.9,0.0
1745880797,2025-04-28T17:53:17,22.7,55.5,0.0
1745884397,2025-04-28T18:53:17,17.3,61.6,0.0
1745887997,2025-04-28T19:53:17,29.0,59.3,0.0
1745891597,2025-04-28T20:53:17,17.2,49.2,0.5
1745895197,2025-04-28T21:53:17,24.7,85.3,0.0
1745898797,2025-04-28T22:53:17,20.8,57.7,0.0
1745902397,2025-04-28T23:53:17,26.4,80.2,0.0
1745905997,2025-04-29T00:53:17,18.8,57.9,1.0
1745909597,2025-04-29T01:53:17,19.1,93.5,0.0
1745913197,2025-04-29T02:53:17,31.5,87.6,0.0
1745916797,2025-04-29T03:53:17,21.9,78.9,0.0
1745920397,2025-04-29T04:53:17,20.0,63.4,0.0
1745923997,2025-04-29T05:53:17,30.3,89.7,0.1
1745927597,2025-04-29T06:53:17,29.6,87.5,0.0
1745931197,2025-04-29T07:53:17,23.8,45.4,0.0
1745934797,2025-04-29T08:53:17,26.5,61.4,0.0
1745938397,2025-04-29T09:53:17,30.8,63.3,0.0
1745941997,2025-04-29T10:53:17,31.3,45.9,0.0
1745945597,2025-04-29T11:53:17,31.4,74.5,0.5
1745949197,2025-04-29T12:53:17,18.9,56.6,2.0
1745952797,2025-04-29T13:53:17,19.0,93.2,0.0
1745956397,2025-04-29T14:53:17,29.2,58.1,0.0
1745959997,2025-04-29T15:53:17,26.4,73.4,0.0
1745963597,2025-04-29T16:53:17,17.6,50.2,1.0
1745967197,2025-04-29T17:53:17,26.0,91.8,0.0
1745970797,2025-04-29T18:53:17,26.5,52.5,0.0
1745974397,2025-04-29T19:53:17,26.2,72.8,0.0
1745977997,2025-04-29T20:53:17,27.4,68.1,0.0
1745981597,2025-04-29T21:53:17,17.3,70.8,0.0
1745985197,2025-04-29T22:53:17,19.5,67.1,0.1
1745988797,2025-04-29T23:53:17,19.3,65.7,0.0
1745992397,2025-04-30T00:53:17,30.3,63.5,0.0
1745995997,2025-04-30T01:53:17,25.4,52.7,0.0
1745999597,2025-04-30T02:53:17,31.2,61.4,0.0
1746003197,2025-04-30T03:53:17,22.8,68.7,1.0
1746006797,2025-04-30T04:53:17,31.5,74.4,0.2
1746010397,2025-04-30T05:53:17,26.8,47.0,0.0
1746013997,2025-04-30T06:53:17,25.8,91.6,0.0
1746017597,2025-04-30T07:53:17,19.9,72.4,0.0
1746021197,2025-04-30T08:53:17,22.5,61.8,0.0
1746024797,2025-04-30T09:53:17,22.2,83.5,1.0
1746028397,2025-04-30T10:53:17,26.9,75.7,0.0
1746031997,2025-04-30T11:53:17,22.2,78.7,2.0
1746035597,2025-04-30T12:53:17,29.1,91.6,0.0
1746039197,2025-04-30T13:53:17,22.2,67.6,0.0
1746042797,2025-04-30T14:53:17,26.3,92.3,0.0
1746046397,2025-04-30T15:53:17,17.6,73.6,0.0
1746049997,2025-04-30T16:53:17,26.4,50.2,0.0
1746053597,2025-04-30T17:53:17,20.7,77.7,0.0
1746057197,2025-04-30T18:53:17,23.7,70.7,0.0
1746060797,2025-04-30T19:53:17,25.5,93.7,0.0
1746064397,2025-04-30T20:53:17,25.4,82.3,0.0
1746067997,2025-04-30T21:53:17,28.3,49.4,0.0
1746071597,2025-04-30T22:53:17,19.0,56.5,0.0
1746075197,2025-04-30T23:53:17,23.7,47.6,0.0
1746078797,2025-05-01T00:53:17,22.7,65.7,0.0
1746082397,2025-05-01T01:53:17,31.7,69.9,0.5
1746085997,2025-05-01T02:53:17,28.6,57.7,0.0
1746089597,2025-05-01T03:53:17,26.4,84.1,0.0
1746093197,2025-05-01T04:53:17,18.9,51.3,0.5
1746096797,2025-05-01T05:53:17,21.5,68.1,0.0
1746100397,2025-05-01T06:53:17,20.2,58.8,0.0
1746103997,2025-05-01T07:53:17,22.0,78.0,1.0
1746107597,2025-05-01T08:53:17,26.7,63.6,0.0
1746111197,2025-05-01T09:53:17,28.3,60.7,0.0
1746114797,2025-05-01T10:53:17,17.3,70.1,0.0
1746118397,2025-05-01T11:53:17,19.5,45.9,0.0
1746121997,2025-05-01T12:53:17,24.3,83.5,0.0
1746125597,2025-05-01T13:53:17,29.4,87.9,0.0
1746129197,2025-05-01T14:53:17,25.8,84.8,0.0
1746132797,2025-05-01T15:53:17,25.6,57.7,0.1
1746136397,2025-05-01T16:53:17,25.6,43.4,1.0
1746139997,2025-05-01T17:53:17,24.8,78.6,0.0
1746143597,2025-05-01T18:53:17,25.5,88.2,0.0
1746147197,2025-05-01T19:53:17,31.0,63.1,0.0
1746150797,2025-05-01T20:53:17,27.5,65.4,0.0
1746154397,2025-05-01T21:53:17,22.3,43.1,2.0
1746157997,2025-05-01T22:53:17,21.1,61.6,1.0
1746161597,2025-05-01T23:53:17,17.4,81.2,0.0
1746165197,2025-05-02T00:53:17,24.6,79.2,0.2
1746168797,2025-05-02T01:53:17,30.9,90.2,0.0
1746172397,2025-05-02T02:53:17,21.9,55.9,0.5
1746175997,2025-05-02T03:53:17,18.5,45.0,0.0
1746179597,2025-05-02T04:53:17,24.5,44.5,0.5
1746183197,2025-05-02T05:53:17,22.8,56.6,0.1
1746186797,2025-05-02T06:53:17,18.6,63.1,0.2
1746190397,2025-05-02T07:53:17,31.9,76.0,0.0
1746193997,2025-05-02T08:53:17,24.5,91.5,0.0
1746197597,2025-05-02T09:53:17,30.6,41.8,0.0
1746201197,2025-05-02T10:53:17,17.8,75.7,0.0
1746204797,2025-05-02T11:53:17,26.4,84.7,0.0
1746208397,2025-05-02T12:53:17,23.3,89.8,0.0
1746211997,2025-05-02T13:53:17,29.0,75.0,0.0
1746215597,2025-05-02T14:53:17,28.6,46.3,0.0
1746219197,2025-05-02T15:53:17,20.2,76.8,1.0
1746222797,2025-05-02T16:53:17,25.2,85.9,0.5
1746226397,2025-05-02T17:53:17,30.5,68.1,0.0
1746229997,2025-05-02T18:53:17,22.9,75.6,0.0
1746233597,2025-05-02T19:53:17,30.7,45.4,0.0
1746237197,2025-05-02T20:53:17,22.2,72.1,0.0
1746240797,2025-05-02T21:53:17,21.4,84.5,0.0
1746244397,2025-05-02T22:53:17,25.2,91.1,0.0
1746247997,2025-05-02T23:53:17,20.1,89.9,0.2
1746251597,2025-05-03T00:53:17,21.2,53.1,0.1
1746255197,2025-05-03T01:53:17,29.9,94.9,0.0
1746258797,2025-05-03T02:53:17,23.0,65.5,0.0
1746262397,2025-05-03T03:53:17,21.2,78.0,0.0
1746265997,2025-05-03T04:53:17,23.3,46.8,0.1
1746269597,2025-05-03T05:53:17,26.3,54.8,0.0
1746273197,2025-05-03T06:53:17,25.9,67.8,0.0
1746276797,2025-05-03T07:53:17,20.2,46.2,0.0
1746280397,2025-05-03T08:53:17,23.6,90.6,0.0
1746283997,2025-05-03T09:53:17,28.4,90.1,0.0
1746287597,2025-05-03T10:53:17,19.8,73.6,0.0
1746291197,2025-05-03T11:53:17,18.4,64.6,0.0
1746294797,2025-05-03T12:53:17,23.2,79.6,2.0
1746298397,2025-05-03T13:53:17,31.5,59.8,0.0
1746301997,2025-05-03T14:53:17,28.4,79.4,0.2
1746305597,2025-05-03T15:53:17,17.6,61.6,0.0
1746309197,2025-05-03T16:53:17,23.3,93.2,0.0
1746312797,2025-05-03T17:53:17,18.9,57.4,1.0
1746316397,2025-05-03T18:53:17,19.7,82.9,1.0
1746319997,2025-05-03T19:53:17,20.9,59.4,0.0
1746323597,2025-05-03T20:53:17,24.3,51.9,0.0
1746327197,2025-05-03T21:53:17,28.8,85.5,0.0
1746330797,2025-05-03T22:53:17,19.7,82.6,0.0
1746334397,2025-05-03T23:53:17,30.0,79.1,0.0
1746337997,2025-05-04T00:53:17,32.2,94.0,0.0
1746341597,2025-05-04T01:53:17,24.0,44.6,0.0
1746345197,2025-05-04T02:53:17,22.0,62.6,0.0
1746348797,2025-05-04T03:53:17,31.9,72.7,0.0
1746352397,2025-05-04T04:53:17,27.9,45.3,0.0
1746355997,2025-05-04T05:53:17,29.3,89.9,0.5
1746359597,2025-05-04T06:53:17,24.2,76.7,0.5
1746363197,2025-05-04T07:53:17,22.2,76.0,0.0
1746366797,2025-05-04T08:53:17,26.9,76.8,1.0
1746370397,2025-05-04T09:53:17,23.2,92.7,0.0
1746373997,2025-05-04T10:53:17,28.6,84.0,0.0
1746377597,2025-05-04T11:53:17,30.5,79.7,0.5
1746381197,2025-05-04T12:53:17,18.4,52.2,0.0
1746384797,2025-05-04T13:53:17,21.5,94.9,0.0
1746388397,2025-05-04T14:53:17,28.4,68.7,0.0
1746391997,2025-05-04T15:53:17,20.7,57.2,0.0
1746395597,2025-05-04T16:53:17,29.2,61.3,2.0
1746399197,2025-05-04T17:53:17,19.5,64.6,0.0
1746402797,2025-05-04T18:53:17,30.0,93.1,0.1
1746406397,2025-05-04T19:53:17,26.4,69.9,0.2
1746409997,2025-05-04T20:53:17,29.1,83.9,2.0
1746413597,2025-05-04T21:53:17,18.3,60.1,0.0
1746417197,2025-05-04T22:53:17,28.5,71.9,0.0
1746420797,2025-05-04T23:53:17,25.2,64.1,0.5
1746424397,2025-05-05T00:53:17,29.2,47.6,0.5
1746427997,2025-05-05T01:53:17,21.2,79.7,0.0
1746431597,2025-05-05T02:53:17,22.1,77.2,0.2
1746435197,2025-05-05T03:53:17,20.6,40.5,0.0
1746438797,2025-05-05T04:53:17,25.5,55.5,0.0
1746442397,2025-05-05T05:53:17,29.3,55.9,0.1
1746445997,2025-05-05T06:53:17,25.8,72.2,0.0
1746449597,2025-05-05T07:53:17,32.5,49.3,2.0
1746453197,2025-05-05T08:53:17,21.2,76.5,0.0
1746456797,2025-05-05T09:53:17,18.3,52.2,2.0
1746460397,2025-05-05T10:53:17,28.8,75.8,0.2
1746463997,2025-05-05T11:53:17,18.1,40.6,0.2
1746467597,2025-05-05T12:53:17,29.7,63.0,0.0
1746471197,2025-05-05T13:53:17,29.4,56.6,2.0
1746474797,2025-05-05T14:53:17,26.6,81.5,0.0
1746478397,2025-05-05T15:53:17,21.5,64.0,0.0
1746481997,2025-05-05T16:53:17,30.9,51.9,0.0
1746485597,2025-05-05T17:53:17,27.7,80.2,0.0
1746489197,2025-05-05T18:53:17,23.0,93.4,0.5
1746492797,2025-05-05T19:53:17,27.5,69.1,0.0
1746496397,2025-05-05T20:53:17,20.0,42.2,0.0
1746499997,2025-05-05T21:53:17,30.1,62.6,0.0
1746503597,2025-05-05T22:53:17,21.0,79.6,0.1
1746507197,2025-05-05T23:53:17,30.7,89.0,2.0
1746510797,2025-05-06T00:53:17,27.8,61.5,0.1
1746514397,2025-05-06T01:53:17,22.4,50.2,0.0
1746517997,2025-05-06T02:53:17,18.0,84.0,0.0
1746521597,2025-05-06T03:53:17,29.5,89.0,0.0
1746525197,2025-05-06T04:53:17,20.7,54.8,0.0
1746528797,2025-05-06T05:53:17,29.9,64.4,0.0
1746532397,2025-05-06T06:53:17,24.9,50.3,0.0
1746535997,2025-05-06T07:53:17,32.6,69.4,0.0
1746539597,2025-05-06T08:53:17,23.7,48.2,0.0
1746543197,2025-05-06T09:53:17,20.4,65.5,0.0
1746546797,2025-05-06T10:53:17,19.0,88.7,0.0
1746550397,2025-05-06T11:53:17,20.0,41.5,0.0
1746553997,2025-05-06T12:53:17,32.4,49.7,0.0
1746557597,2025-05-06T13:53:17,27.1,49.5,0.5
1746561197,2025-05-06T14:53:17,28.9,81.6,0.0
1746564797,2025-05-06T15:53:17,22.6,94.2,0.0
1746568397,2025-05-06T16:53:17,19.7,62.4,1.0
1746571997,2025-05-06T17:53:17,23.5,42.9,0.0
1746575597,2025-05-06T18:53:17,32.4,74.4,0.0
1746579197,2025-05-06T19:53:17,29.0,44.8,0.0
1746582797,2025-05-06T20:53:17,24.4,50.8,0.5
1746586397,2025-05-06T21:53:17,26.0,86.2,0.0
1746589997,2025-05-06T22:53:17,28.7,81.0,0.0
1746593597,2025-05-06T23:53:17,23.6,68.9,0.0
1746597197,2025-05-07T00:53:17,22.3,48.4,0.0
1746600797,2025-05-07T01:53:17,31.4,91.6,0.0
1746604397,2025-05-07T02:53:17,24.5,48.4,0.0
1746607997,2025-05-07T03:53:17,27.3,43.8,0.0
1746611597,2025-05-07T04:53:17,31.8,68.2,0.0
1746615197,2025-05-07T05:53:17,20.9,49.1,0.0
1746618797,2025-05-07T06:53:17,21.3,66.3,0.0
1746622397,2025-05-07T07:53:17,29.6,94.8,0.0
1746625997,2025-05-07T08:53:17,31.6,88.3,0.0
1746629597,2025-05-07T09:53:17,28.3,61.6,2.0
1746633197,2025-05-07T10:53:17,25.3,63.0,0.5
1746636797,2025-05-07T11:53:17,30.9,88.0,0.0
1746640397,2025-05-07T12:53:17,22.6,63.2,2.0
1746643997,2025-05-07T13:53:17,25.4,61.3,0.0
1746647597,2025-05-07T14:53:17,32.6,58.2,0.1
1746651197,2025-05-07T15:53:17,19.2,94.2,0.0
1746654797,2025-05-07T16:53:17,32.7,89.2,0.2
1746658397,2025-05-07T17:53:17,26.3,86.0,0.0
1746661997,2025-05-07T18:53:17,24.3,78.3,0.1
1746665597,2025-05-07T19:53:17,18.2,87.8,0.0
1746669197,2025-05-07T20:53:17,30.7,65.8,0.0
1746672797,2025-05-07T21:53:17,22.3,51.5,1.0
1746676397,2025-05-07T22:53:17,32.6,76.7,0.2
1746679997,2025-05-07T23:53:17,24.9,56.4,0.0
1746683597,2025-05-08T00:53:17,23.4,64.0,0.0
1746687197,2025-05-08T01:53:17,21.2,81.8,0.0
1746690797,2025-05-08T02:53:17,26.6,49.6,0.0
1746694397,2025-05-08T03:53:17,28.2,43.4,1.0
1746697997,2025-05-08T04:53:17,26.3,88.3,0.0
1746701597,2025-05-08T05:53:17,26.2,59.3,0.0
1746705197,2025-05-08T06:53:17,23.7,63.2,1.0
1746708797,2025-05-08T07:53:17,24.8,72.9,0.0
1746712397,2025-05-08T08:53:17,30.2,49.8,0.0
1746715997,2025-05-08T09:53:17,25.7,90.0,0.5
1746719597,2025-05-08T10:53:17,32.8,52.6,0.2
1746723197,2025-05-08T11:53:17,32.2,87.4,0.0
1746726797,2025-05-08T12:53:17,19.3,41.7,1.0
1746730397,2025-05-08T13:53:17,18.2,69.3,0.0
1746733997,2025-05-08T14:53:17,18.8,70.2,0.0
1746737597,2025-05-08T15:53:17,21.8,71.7,0.0
1746741197,2025-05-08T16:53:17,28.3,59.4,0.5
1746744797,2025-05-08T17:53:17,27.1,41.8,0.0
1746748397,2025-05-08T18:53:17,18.4,46.5,1.0
1746751997,2025-05-08T19:53:17,30.1,95.0,0.2
1746755597,2025-05-08T20:53:17,28.4,69.7,0.0
1746759197,2025-05-08T21:53:17,28.0,46.9,0.0
1746762797,2025-05-08T22:53:17,32.1,89.6,0.0
1746766397,2025-05-08T23:53:17,25.9,48.7,0.0
1746769997,2025-05-09T00:53:17,18.3,81.0,0.0
1746773597,2025-05-09T01:53:17,21.4,72.5,1.0
1746777197,2025-05-09T02:53:17,31.4,62.9,0.1
1746780797,2025-05-09T03:53:17,21.7,59.2,0.0
1746784397,2025-05-09T04:53:17,31.4,63.2,0.0
1746787997,2025-05-09T05:53:17,32.2,69.9,0.0
1746791597,2025-05-09T06:53:17,31.5,83.2,2.0
1746795197,2025-05-09T07:53:17,22.5,60.8,0.0
1746798797,2025-05-09T08:53:17,28.6,49.4,0.1
1746802397,2025-05-09T09:53:17,27.1,49.8,0.0
1746805997,2025-05-09T10:53:17,20.8,59.0,0.2
1746809597,2025-05-09T11:53:17,19.3,54.5,0.0
1746813197,2025-05-09T12:53:17,23.5,70.7,0.0
1746816797,2025-05-09T13:53:17,27.7,79.1,0.0
1746820397,2025-05-09T14:53:17,23.8,65.2,0.1
1746823997,2025-05-09T15:53:17,21.1,62.3,0.0
1746827597,2025-05-09T16:53:17,22.0,71.7,1.0
1746831197,2025-05-09T17:53:17,31.2,67.4,0.0
1746834797,2025-05-09T18:53:17,27.6,83.4,0.0
1746838397,2025-05-09T19:53:17,24.4,71.7,0.0
1746841997,2025-05-09T20:53:17,22.9,87.1,0.0
1746845597,2025-05-09T21:53:17,24.2,84.1,0.1
1746849197,2025-05-09T22:53:17,31.5,73.6,0.2
1746852797,2025-05-09T23:53:17,29.7,68.0,0.2
1746856397,2025-05-10T00:53:17,27.6,51.2,0.0
1746859997,2025-05-10T01:53:17,30.0,80.3,0.0
1746863597,2025-05-10T02:53:17,32.7,55.7,0.0
1746867197,2025-05-10T03:53:17,29.7,85.5,0.1
1746870797,2025-05-10T04:53:17,20.7,48.3,0.5
1746874397,2025-05-10T05:53:17,20.9,71.3,0.2
1746877997,2025-05-10T06:53:17,26.5,54.3,0.0
1746881597,2025-05-10T07:53:17,26.8,88.9,0.0
1746885197,2025-05-10T08:53:17,21.4,55.2,0.0
1746888797,2025-05-10T09:53:17,24.4,59.2,0.0
1746892397,2025-05-10T10:53:17,30.9,80.1,1.0
1746895997,2025-05-10T11:53:17,31.5,43.7,0.0
1746899597,2025-05-10T12:53:17,28.0,94.4,0.0
1746903197,2025-05-10T13:53:17,28.1,89.2,0.1
1746906797,2025-05-10T14:53:17,25.7,59.1,0.0
1746910397,2025-05-10T15:53:17,23.0,92.9,0.0
1746913997,2025-05-10T16:53:17,23.4,71.0,0.5
1746917597,2025-05-10T17:53:17,33.1,88.0,0.1
1746921197,2025-05-10T18:53:17,19.3,82.3,1.0
1746924797,2025-05-10T19:53:17,22.6,76.8,0.1
1746928397,2025-05-10T20:53:17,21.9,73.8,0.0
1746931997,2025-05-10T21:53:17,24.8,40.2,0.0
1746935597,2025-05-10T22:53:17,23.6,82.4,0.0
1746939197,2025-05-10T23:53:17,25.8,63.6,0.0
1746942797,2025-05-11T00:53:17,29.3,73.1,0.0
1746946397,2025-05-11T01:53:17,25.4,93.3,0.0
1746949997,2025-05-11T02:53:17,25.8,94.1,0.0
1746953597,2025-05-11T03:53:17,18.4,67.0,0.5
1746957197,2025-05-11T04:53:17,21.7,88.2,0.0
1746960797,2025-05-11T05:53:17,22.8,43.2,2.0
1746964397,2025-05-11T06:53:17,26.2,85.3,0.5
1746967997,2025-05-11T07:53:17,25.8,65.9,0.0
1746971597,2025-05-11T08:53:17,21.9,67.8,0.0
1746975197,2025-05-11T09:53:17,30.6,74.6,0.0
1746978797,2025-05-11T10:53:17,32.5,78.2,0.0
1746982397,2025-05-11T11:53:17,31.8,93.3,0.0
1746985997,2025-05-11T12:53:17,31.2,86.1,0.0
1746989597,2025-05-11T13:53:17,32.0,55.3,2.0
1746993197,2025-05-11T14:53:17,18.8,69.0,0.0
1746996797,2025-05-11T15:53:17,26.6,91.4,0.0
1747000397,2025-05-11T16:53:17,28.4,73.0,0.0
1747003997,2025-05-11T17:53:17,25.2,93.7,0.0
1747007597,2025-05-11T18:53:17,23.0,92.2,0.0
1747011197,2025-05-11T19:53:17,31.5,84.9,0.0
1747014797,2025-05-11T20:53:17,22.6,45.1,0.0
1747018397,2025-05-11T21:53:17,24.9,67.2,0.0
1747021997,2025-05-11T22:53:17,28.7,44.3,0.0
1747025597,2025-05-11T23:53:17,29.7,79.0,0.1
1747029197,2025-05-12T00:53:17,24.0,59.4,0.0
1747032797,2025-05-12T01:53:17,27.6,73.9,1.0
1747036397,2025-05-12T02:53:17,27.6,72.8,0.0
1747039997,2025-05-12T03:53:17,32.1,83.6,0.0
1747043597,2025-05-12T04:53:17,18.6,47.8,0.0
1747047197,2025-05-12T05:53:17,32.5,86.0,0.0
1747050797,2025-05-12T06:53:17,22.0,46.8,0.0
1747054397,2025-05-12T07:53:17,19.2,41.9,0.0
1747057997,2025-05-12T08:53:17,22.2,89.2,2.0
1747061597,2025-05-12T09:53:17,27.1,52.3,0.0
1747065197,2025-05-12T10:53:17,30.6,40.7,0.0
1747068797,2025-05-12T11:53:17,32.7,51.2,0.0
1747072397,2025-05-12T12:53:17,33.4,86.7,0.1
1747075997,2025-05-12T13:53:17,24.4,60.2,0.0
1747079597,2025-05-12T14:53:17,30.6,45.7,0.0
1747083197,2025-05-12T15:53:17,31.2,86.1,1.0
1747086797,2025-05-12T16:53:17,31.0,67.7,0.0
1747090397,2025-05-12T17:53:17,20.1,54.7,0.0
1747093997,2025-05-12T18:53:17,25.9,53.3,0.0
1747097597,2025-05-12T19:53:17,32.7,76.9,0.0
1747101197,2025-05-12T20:53:17,26.7,49.4,0.0
1747104797,2025-05-12T21:53:17,19.4,75.1,0.0
1747108397,2025-05-12T22:53:17,24.6,42.6,0.0
1747111997,2025-05-12T23:53:17,24.1,89.9,0.0
1747115597,2025-05-13T00:53:17,18.9,80.5,0.0
1747119197,2025-05-13T01:53:17,23.9,68.2,0.1
1747122797,2025-05-13T02:53:17,31.0,77.3,0.0
1747126397,2025-05-13T03:53:17,31.1,84.1,0.5
1747129997,2025-05-13T04:53:17,26.4,56.6,0.0
1747133597,2025-05-13T05:53:17,26.4,64.3,0.0
1747137197,2025-05-13T06:53:17,26.0,72.7,0.2
1747140797,2025-05-13T07:53:17,31.4,87.9,0.0
1747144397,2025-05-13T08:53:17,22.1,48.6,0.0
1747147997,2025-05-13T09:53:17,21.0,51.8,0.0
1747151597,2025-05-13T10:53:17,22.5,83.3,0.0
1747155197,2025-05-13T11:53:17,20.5,61.6,0.0
1747158797,2025-05-13T12:53:17,30.3,78.9,0.5
1747162397,2025-05-13T13:53:17,20.9,65.3,0.0
1747165997,2025-05-13T14:53:17,25.0,61.2,0.1
1747169597,2025-05-13T15:53:17,21.1,64.9,0.0
1747173197,2025-05-13T16:53:17,26.4,92.7,0.0
1747176797,2025-05-13T17:53:17,28.0,73.6,0.1
1747180397,2025-05-13T18:53:17,29.7,54.1,0.0
1747183997,2025-05-13T19:53:17,29.5,57.2,0.0
1747187597,2025-05-13T20:53:17,28.5,89.3,0.0
1747191197,2025-05-13T21:53:17,22.2,43.4,0.2
1747194797,2025-05-13T22:53:17,21.2,79.8,0.0
1747198397,2025-05-13T23:53:17,22.9,82.0,0.0
1747201997,2025-05-14T00:53:17,22.7,59.0,0.1
1747205597,2025-05-14T01:53:17,26.7,56.6,0.0
1747209197,2025-05-14T02:53:17,32.6,94.8,1.0
1747212797,2025-05-14T03:53:17,21.6,68.4,0.0
1747216397,2025-05-14T04:53:17,21.3,70.4,2.0
1747219997,2025-05-14T05:53:17,19.4,43.8,0.0
1747223597,2025-05-14T06:53:17,32.0,88.6,0.0
1747227197,2025-05-14T07:53:17,24.4,80.9,0.0
1747230797,2025-05-14T08:53:17,28.9,73.2,0.0
1747234397,2025-05-14T09:53:17,32.1,83.6,0.0
1747237997,2025-05-14T10:53:17,28.6,45.8,0.0
1747241597,2025-05-14T11:53:17,31.7,88.2,0.0
1747245197,2025-05-14T12:53:17,23.3,58.0,0.2
1747248797,2025-05-14T13:53:17,20.7,84.3,0.0
1747252397,2025-05-14T14:53:17,27.3,50.9,0.0
1747255997,2025-05-14T15:53:17,31.2,43.3,2.0
1747259597,2025-05-14T16:53:17,27.1,52.7,0.0
1747263197,2025-05-14T17:53:17,29.1,60.1,0.0
1747266797,2025-05-14T18:53:17,30.9,69.9,0.0
1747270397,2025-05-14T19:53:17,29.1,92.7,0.0
1747273997,2025-05-14T20:53:17,32.1,94.0,0.0
1747277597,2025-05-14T21:53:17,33.5,81.4,0.1
1747281197,2025-05-14T22:53:17,22.9,69.2,0.0
1747284797,2025-05-14T23:53:17,23.7,56.3,0.0
1747288397,2025-05-15T00:53:17,32.3,44.8,0.0
1747291997,2025-05-15T01:53:17,30.6,45.4,0.5
1747295597,2025-05-15T02:53:17,21.7,70.9,0.0
1747299197,2025-05-15T03:53:17,19.3,72.6,0.0
1747302797,2025-05-15T04:53:17,33.1,59.7,0.0
1747306397,2025-05-15T05:53:17,29.9,71.9,0.5
1747309997,2025-05-15T06:53:17,33.0,86.9,0.0
1747313597,2025-05-15T07:53:17,31.0,61.3,0.0
1747317197,2025-05-15T08:53:17,33.5,48.8,0.0
1747320797,2025-05-15T09:53:17,26.1,64.7,0.0
1747324397,2025-05-15T10:53:17,23.4,69.0,0.0
1747327997,2025-05-15T11:53:17,28.3,64.8,0.0
1747331597,2025-05-15T12:53:17,28.5,76.2,0.2
1747335197,2025-05-15T13:53:17,22.6,84.5,0.0
1747338797,2025-05-15T14:53:17,19.8,91.2,0.0
1747342397,2025-05-15T15:53:17,22.4,40.9,0.0
1747345997,2025-05-15T16:53:17,31.8,75.3,0.0
1747349597,2025-05-15T17:53:17,31.8,65.6,0.0
1747353197,2025-05-15T18:53:17,32.5,63.5,0.1
1747356797,2025-05-15T19:53:17,31.8,84.6,0.0
1747360397,2025-05-15T20:53:17,21.2,58.9,0.1
1747363997,2025-05-15T21:53:17,24.1,69.9,0.1
1747367597,2025-05-15T22:53:17,19.8,52.2,1.0
1747371197,2025-05-15T23:53:17,19.7,72.0,0.1
1747374797,2025-05-16T00:53:17,28.5,75.4,0.0
1747378397,2025-05-16T01:53:17,27.8,78.6,0.5
1747381997,2025-05-16T02:53:17,27.4,73.9,0.0
1747385597,2025-05-16T03:53:17,21.2,67.9,0.0
1747389197,2025-05-16T04:53:17,23.8,44.4,1.0
1747392797,2025-05-16T05:53:17,27.6,82.6,2.0
1747396397,2025-05-16T06:53:17,25.7,78.7,1.0
1747399997,2025-05-16T07:53:17,20.3,47.2,0.0
1747403597,2025-05-16T08:53:17,20.5,46.2,0.0
1747407197,2025-05-16T09:53:17,32.3,71.5,0.0
1747410797,2025-05-16T10:53:17,32.5,64.3,0.0
1747414397,2025-05-16T11:53:17,28.1,62.4,0.0
1747417997,2025-05-16T12:53:17,23.6,51.2,0.0
1747421597,2025-05-16T13:53:17,29.6,70.1,0.0
1747425197,2025-05-16T14:53:17,25.5,59.2,1.0
1747428797,2025-05-16T15:53:17,31.3,51.7,0.0
1747432397,2025-05-16T16:53:17,28.0,81.1,1.0
1747435997,2025-05-16T17:53:17,32.1,69.0,0.1
1747439597,2025-05-16T18:53:17,24.8,72.9,2.0
1747443197,2025-05-16T19:53:17,22.7,52.8,0.1
1747446797,2025-05-16T20:53:17,27.6,91.2,0.0
1747450397,2025-05-16T21:53:17,30.0,45.2,0.0
1747453997,2025-05-16T22:53:17,31.1,52.6,0.0
1747457597,2025-05-16T23:53:17,31.0,58.3,0.0
1747461197,2025-05-17T00:53:17,30.4,89.0,0.0
1747464797,2025-05-17T01:53:17,24.8,54.6,0.0
1747468397,2025-05-17T02:53:17,31.1,77.5,0.0
1747471997,2025-05-17T03:53:17,32.8,86.2,0.0
1747475597,2025-05-17T04:53:17,28.0,47.8,2.0
1747479197,2025-05-17T05:53:17,25.5,47.3,0.0
1747482797,2025-05-17T06:53:17,26.2,87.2,0.0
1747486397,2025-05-17T07:53:17,24.6,94.3,0.0
1747489997,2025-05-17T08:53:17,21.1,63.4,0.0
1747493597,2025-05-17T09:53:17,32.0,62.6,0.0
1747497197,2025-05-17T10:53:17,32.9,41.9,0.0
1747500797,2025-05-17T11:53:17,20.4,93.2,0.0
1747504397,2025-05-17T12:53:17,27.3,61.4,0.0
1747507997,2025-05-17T13:53:17,32.9,54.1,0.5
1747511597,2025-05-17T14:53:17,28.9,61.6,2.0
1747515197,2025-05-17T15:53:17,27.0,63.5,2.0
1747518797,2025-05-17T16:53:17,24.9,71.8,0.0
1747522397,2025-05-17T17:53:17,29.0,51.8,0.0
1747525997,2025-05-17T18:53:17,20.2,85.9,0.5
1747529597,2025-05-17T19:53:17,31.5,83.2,0.0
1747533197,2025-05-17T20:53:17,33.5,53.5,1.0
1747536797,2025-05-17T21:53:17,28.0,67.2,0.0
1747540397,2025-05-17T22:53:17,28.9,51.7,0.0
1747543997,2025-05-17T23:53:17,29.5,80.4,0.0
1747547597,2025-05-18T00:53:17,19.5,55.7,0.5
1747551197,2025-05-18T01:53:17,32.0,49.6,0.0
1747554797,2025-05-18T02:53:17,28.6,54.4,0.0
1747558397,2025-05-18T03:53:17,31.8,61.2,0.0
1747561997,2025-05-18T04:53:17,33.5,47.9,0.0
1747565597,2025-05-18T05:53:17,33.2,50.3,0.0
1747569197,2025-05-18T06:53:17,25.4,83.0,1.0
1747572797,2025-05-18T07:53:17,25.0,89.0,0.0
1747576397,2025-05-18T08:53:17,24.3,73.4,0.0
1747579997,2025-05-18T09:53:17,26.5,74.9,0.0
1747583597,2025-05-18T10:53:17,31.8,65.5,0.0
1747587197,2025-05-18T11:53:17,33.4,48.0,0.1
1747590797,2025-05-18T12:53:17,25.8,59.1,0.0
1747594397,2025-05-18T13:53:17,24.7,68.6,0.2
1747597997,2025-05-18T14:53:17,26.4,83.8,0.0
1747601597,2025-05-18T15:53:17,25.7,72.5,0.0
1747605197,2025-05-18T16:53:17,32.9,92.9,0.0
1747608797,2025-05-18T17:53:17,31.1,77.7,0.0
1747612397,2025-05-18T18:53:17,29.7,90.9,0.0
1747615997,2025-05-18T19:53:17,33.1,92.8,1.0
1747619597,2025-05-18T20:53:17,26.1,70.6,0.5
1747623197,2025-05-18T21:53:17,30.5,94.1,0.5
1747626797,2025-05-18T22:53:17,20.0,76.0,0.1
1747630397,2025-05-18T23:53:17,22.4,56.0,0.0
1747633997,2025-05-19T00:53:17,30.7,42.6,0.0
1747637597,2025-05-19T01:53:17,27.0,75.6,0.0
1747641197,2025-05-19T02:53:17,30.0,52.7,0.0
1747644797,2025-05-19T03:53:17,28.5,42.2,0.0
1747648397,2025-05-19T04:53:17,24.6,57.1,0.0
1747651997,2025-05-19T05:53:17,29.3,46.3,0.0
1747655597,2025-05-19T06:53:17,30.8,68.1,0.1
1747659197,2025-05-19T07:53:17,24.8,41.9,0.1
1747662797,2025-05-19T08:53:17,33.5,42.4,0.0
1747666397,2025-05-19T09:53:17,30.2,63.2,0.0
1747669997,2025-05-19T10:53:17,34.2,59.3,0.0
1747673597,2025-05-19T11:53:17,32.6,70.1,0.0
1747677197,2025-05-19T12:53:17,24.3,81.8,0.1
1747680797,2025-05-19T13:53:17,32.6,86.8,0.0
1747684397,2025-05-19T14:53:17,34.4,89.9,0.0
1747687997,2025-05-19T15:53:17,31.1,93.5,0.0
1747691597,2025-05-19T16:53:17,24.9,77.7,0.0
1747695197,2025-05-19T17:53:17,26.7,60.7,0.0
1747698797,2025-05-19T18:53:17,27.8,82.3,0.0
1747702397,2025-05-19T19:53:17,30.9,85.5,0.0
1747705997,2025-05-19T20:53:17,32.2,88.1,0.5
1747709597,2025-05-19T21:53:17,28.5,90.7,0.0
1747713197,2025-05-19T22:53:17,28.7,51.0,0.1
1747716797,2025-05-19T23:53:17,26.4,81.9,2.0
1747720397,2025-05-20T00:53:17,32.6,49.7,0.0
1747723997,2025-05-20T01:53:17,32.7,86.7,0.5
1747727597,2025-05-20T02:53:17,28.4,45.4,0.0
1747731197,2025-05-20T03:53:17,34.1,78.7,0.0
1747734797,2025-05-20T04:53:17,27.9,41.9,0.0
1747738397,2025-05-20T05:53:17,21.8,88.8,0.0
1747741997,2025-05-20T06:53:17,23.4,60.2,0.0
1747745597,2025-05-20T07:53:17,29.1,81.7,0.0
1747749197,2025-05-20T08:53:17,33.1,81.3,0.0
1747752797,2025-05-20T09:53:17,27.2,67.0,0.1
1747756397,2025-05-20T10:53:17,21.8,76.4,0.1
1747759997,2025-05-20T11:53:17,23.8,81.1,0.0
1747763597,2025-05-20T12:53:17,31.8,91.8,0.0
1747767197,2025-05-20T13:53:17,27.9,48.8,0.0
1747770797,2025-05-20T14:53:17,30.2,65.1,0.0
