date,day_of_year,daily_avg_temp_c,daily_min_temp_c,daily_max_temp_c,daily_precipitation_mm,daily_solar_radiation_mj_m2,daily_avg_humidity_percent,daily_et0_mm,gdd_accumulated,crop_growth_stage,total_biomass_kg_ha,leaf_area_index,crop_nitrogen_demand_kg_ha,fraction_awc,daily_etc_mm,daily_percolation_mm,daily_runoff_mm,daily_irrigation_mm,daily_fertilization_kg_ha,soil_urea_kg_ha,soil_ammonium_kg_ha,soil_nitrate_kg_ha,crop_nitrogen_uptake_kg_ha,nitrogen_daily_leaching_kg_ha,overall_stress_factor,water_stress_factor,nitrogen_stress_factor,disease_stress_factor,disease_severity_percent,triggered_rules
2025-08-16,228,15.534933792754288,4.667280505014526,25.882664785441047,0.0,27.06372900468554,68.4704952492583,2.0,7.9413323927205255,VE,94.72305151639941,0.0,0.3,0.587,0.0,0.0,0.0,0.0,0.0,0.0,4.716249780844758,14.98375021915524,0.0,0.0,1.0,1.0,1.0,1.0,0.0,Low_Foliar_Disease_Pressure_LWD
2025-08-17,229,15.024007470772679,4.39503179097319,25.493787395155078,0.1227713853653818,27.06372900468554,69.76024357316622,2.0,15.688226090298066,VE,189.44610303279882,0.0,0.3,0.575,0.0,0.0,0.0,0.0,0.0,0.0,4.463970697856491,14.936029302143508,0.0,0.0,1.0,1.0,1.0,1.0,0.0,Low_Foliar_Disease_Pressure_LWD
2025-08-18,230,14.839067124848754,5.126503714536618,25.252147626770952,0.9684101312902439,22.51785089576707,69.96446597552786,2.0,23.31429990368354,VE,268.25858116798355,0.0,0.3,0.581,0.0,0.0,0.0,0.0,0.0,0.0,4.2261208372089705,14.873879162791027,0.0,0.0,1.0,1.0,1.0,1.0,0.0,Low_Foliar_Disease_Pressure_LWD
2025-08-19,231,15.077550731066372,5.223351856745533,25.613762329306876,0.2096105969202044,17.659333305723226,70.35620832442736,2.0,31.12118106833698,VE,330.06624773801485,0.0,0.3,0.571,0.0,0.0,0.0,0.0,0.0,0.0,4.000709167160057,14.79929083283994,0.0,0.0,1.0,1.0,1.0,1.0,0.0,Low_Foliar_Disease_Pressure_LWD
2025-08-20,232,14.947534182016847,5.313581245170973,25.733916011183577,0.0,25.607635896988626,69.26934707691937,2.0,38.98813907392877,VE,419.692973377475,0.0,0.3,0.558,0.0,0.0,0.0,0.0,0.0,0.0,3.7942518826506637,14.705748117349334,0.0,0.0,1.0,1.0,1.0,1.0,0.0,Low_Foliar_Disease_Pressure_LWD
2025-08-21,233,14.9986273153292,5.005127592481854,25.594604107733648,0.3166431150562157,16.249416039977394,70.23950543098285,2.0,46.78544112779559,VE,476.5659295173959,0.0,0.3,0.55,0.0,0.0,0.0,0.0,0.0,0.0,3.6004944798672054,14.59950552013279,0.0,0.0,1.0,1.0,1.0,1.0,0.0,Low_Foliar_Disease_Pressure_LWD
2025-08-22,234,14.82500525054092,4.178953954481617,24.72022560482249,0.0,15.75510898321799,69.11662279573602,2.0,54.14555393020684,VE,531.7088109586589,0.0,0.3,0.537,0.0,0.0,0.0,0.0,0.0,0.0,3.4233751538175814,14.476624846182414,0.0,0.0,1.0,1.0,1.0,1.0,0.0,Low_Foliar_Disease_Pressure_LWD
2025-08-23,235,14.98547791342132,5.4881031054296265,S24.306622426487984,0.6389068422992007,22.6526168009794,69.78972360622089,2.0,61.298865143450826,VE,610.9929697620868,0.0,0.3,0.536,0.0,0.0,0.0,0.0,0.0,0.0,3.2531792175832965,14.346820782416698,0.0,0.0,1.0,1.0,1.0,1.0,0.0,Low_Foliar_Disease_Pressure_LWD
2025-08-24,236,15.018714478058348,4.515704025224634,25.334570367404268,0.366409875168854,17.980648190017178,69.42975184239563,2.0,68.96615032715296,VE,673.925238427147,0.0,0.3,0.529,0.0,0.0,0.0,0.0,0.0,0.0,3.093148361727257,14.206851638272736,0.0,0.0,1.0,1.0,1.0,1.0,0.0,Low_Foliar_Disease_Pressure_LWD
2025-08-25,237,15.044390446666037,4.627024294431472,25.815620846124563,0.7553763390088892,26.846271145744936,69.50437731051738,2.0,76.87396075021525,VE,767.8871874372543,0.0,0.3,0.53,0.0,0.0,0.0,0.0,0.0,0.0,2.9404014723121645,14.059598527687829,0.0,0.0,1.0,1.0,1.0,1.0,0.0,Low_Foliar_Disease_Pressure_LWD
2025-08-26,238,14.961791561140911,5.124458495146614,24.47349877567224,1.2266369765053344,17.06267939343437,70.36159116174667,2.0,84.11035106563094,VE,827.6036021632227,0.0,0.3,0.54,0.0,0.0,0.0,0.0,0.0,0.0,2.7933946842071764,13.906605315792817,0.0,0.0,0.9999503820843886,1.0,1.0,0.9999503820843886,0.004961791561140912,
2025-08-27,239,15.008097868037707,4.543138575436773,24.55620804512738,0.4436007066599635,20.621721829932675,69.70288956096357,2.0,87.74940307691278,VE,863.6916153656049,0.0,0.3,1.0,0.0,0.0,0.0,25.0,0.0,0.0,2.533846459662725,13.745972714687568,0.0,0.0,0.5,0.5,1.0,0.9999503820843886,0.004961791561140912,Low_Foliar_Disease_Pressure_LWD
2025-08-28,240,15.03212641964735,5.057298788732627,25.025414715412445,1.1024333437032887,27.605444327197564,70.52738445539931,2.0,91.5057567557659,VE,912.0011429382006,0.0,0.3,1.0,0.0,0.0,0.0,0.0,0.0,0.0,2.2979792640177212,13.625572324470179,0.0,0.0,0.5,0.5,1.0,0.999887792608673,0.011220739132695598,Low_Foliar_Disease_Pressure_LWD
2025-08-29,241,14.983921996206014,5.212369046934564,25.51666665148973,0.0,20.72443682716762,69.14302319968141,2.0,99.26321953916724,VE,984.5285328108114,0.0,0.3,0.987,0.0,0.0,0.0,0.0,0.0,0.0,2.087629940251741,13.535921648236158,0.0,0.0,0.999887792608673,1.0,1.0,0.999887792608673,0.011220739132695598,Low_Foliar_Disease_Pressure_LWD
2025-08-30,242,14.901394514846904,4.531817735859649,25.29867836253732,0.4461858527453535,24.077278601238163,70.08493004976954,2.0,106.91170040804099,VE,1068.7895521449677,0.0,0.3,0.982,0.0,0.0,0.0,0.0,50.0,42.08176911651271,9.10038978156296,14.141392690412225,0.0,0.0,0.999887792608673,1.0,1.0,0.999887792608673,0.011220739132695598,Low_Foliar_Disease_Pressure_LWD
2025-08-31,243,15.08712532486878,4.672799963969208,25.63801876970488,2.134146045915597,15.637268560495793,70.3153054693693,2.0,110.82120510046721,VE,1096.1547721258353,0.0,0.3,1.0,0.0,0.0,0.0,0.0,0.0,35.19765178751278,14.490283911904369,15.260513038403436,0.0,0.0,0.5,0.5,1.0,0.9998374921684864,0.016250783151358694,Low_Foliar_Disease_Pressure_LWD
2025-09-01,244,15.021805784869287,4.308481658114128,25.64224231660358,0.5144034929531751,20.176311272225213,70.8854406860117,2.0,114.7317656796181,VE,1131.4633168522294,0.0,0.3,1.0,0.0,0.0,0.0,25.0,0.0,29.468439466757175,18.338822282591448,12.587703685670945,0.0,0.0,0.5,0.5,1.0,0.9998374921684864,0.016250783151358694,Low_Foliar_Disease_Pressure_LWD
2025-09-02,245,15.131721544232258,5.275199457073967,25.26893334915928,0.048207553797942,26.48498532250894,70.21145467228776,2.0,122.3649916935737,V2,1224.1457014196471,0.0,0.7,0.987,0.0,0.0,0.0,0.0,0.0,24.694180541981517,20.97330365493428,14.42748123810377,0.0,0.0,0.9998374921684864,1.0,1.0,0.9998374921684864,0.016250783151358694,Low_Foliar_Disease_Pressure_LWD
2025-09-03,246,15.12809870631592,4.804470350705641,25.24229927228405,1.7107492024741187,19.71017661420811,69.74111878807987,2.0,126.17556651164472,V2,1327.6241286442396,0.0,0.7,1.0,0.0,0.0,0.0,0.0,0.0,20.641835046647525,22.678940634308606,16.04752604613946,0.0,0.0,0.5,0.5,1.0,0.9997870445376238,0.02129554623761951,Low_Foliar_Disease_Pressure_LWD
2025-09-04,247,14.920108106695011,5.093313458476536,24.6869295714073,1.2465967611630298,23.303649661831336,69.93833428235631,2.0,129.84729890449654,V2,1449.9682893688541,0.0,0.7,1.0,0.0,0.0,0.0,0.0,0.0,17.308150792606877,23.612011133375127,17.684199146068096,0.0,0.0,0.5,0.5,1.0,0.9997268528911611,0.02731471088388801,Low_Foliar_Disease_Pressure_LWD
2025-09-05,248,15.089539844077962,4.660311393425725,25.00972627021308,0.2595889497251241,21.57929432685456,69.69207347172083,2.0,137.3501121079355,V2,1676.4889894213372,0.0,0.7,0.988,0.0,0.0,0.0,0.0,0.0,14.510187534181732,23.970359540817718,19.42381399705065,0.0,0.0,0.9997268528911611,1.0,1.0,0.9997268528911611,0.02731471088388801,Low_Foliar_Disease_Pressure_LWD
2025-09-06,249,14.837762300899035,4.080709470314018,25.487590770562505,0.6478447367045098,15.69423046064269,70.46141878050351,2.0,141.22200980057613,V2,1758.8836993397113,0.0,0.7,1.0,0.0,0.0,0.0,25.0,0.0,12.181708302865566,23.887279908231584,15.871424828314066,0.0,0.0,0.5,0.5,1.0,0.9997268528911611,0.02731471088388801,Low_Foliar_Disease_Pressure_LWD
2025-09-07,250,15.160307030430877,4.524555973790784,25.34666858648683,0.587592661811858,25.03152546163362,70.4507175749723,2.0,148.8932481447422,V2,2021.6429251543627,0.0,0.7,0.994,0.0,0.0,0.0,0.0,0.0,10.189794161711383,23.46108925971665,17.58952961798318,0.0,0.0,0.9997268528911611,1.0,1.0,0.9997268528911611,0.02731471088388801,Low_Foliar_Disease_Pressure_LWD
2025-09-08,251,14.870098262222703,4.4116014344037895,25.33904636163216,0.0,25.82697445911496,70.37843494438262,2.0,156.56067641747526,V2,2292.7520840593324,0.0,0.7,0.977,0.0,0.0,0.0,0.0,0.0,8.588202310036525,22.811678913247658,19.140531816127034,0.0,0.0,0.9997268528911611,1.0,1.0,0.9997268528911611,0.02731471088388801,Low_Foliar_Disease_Pressure_LWD
2025-09-09,252,15.064640345841136,4.600237741797459,25.94386594253753,0.686812743408404,15.00350647251348,70.1156599571952,2.0,164.53043187830107,V2,2450.245871294362,0.0,0.7,0.973,0.0,0.0,0.0,0.0,0.0,7.223548228921468,21.98114008096686,20.63572472952289,0.0,0.0,0.9997268528911611,1.0,1.0,0.9997268528911611,0.02731471088388801,
2025-09-10,253,14.92993593067589,4.860894137583094,25.09903430169497,2.2118257984600174,17.758084202088874,69.62367485505719,2.0,172.07752488016985,V2,2636.645883171669,0.0,0.7,0.998,0.0,0.0,0.0,0.0,0.0,6.058383031914997,21.012864679491127,22.069165328005095,0.0,0.0,0.9996789001296006,1.0,1.0,0.9996789001296006,0.0321099870399414,Low_Foliar_Disease_Pressure_LWD
2025-09-11,254,15.147664148067351,5.140371104485872,25.302191505264123,0.482101755827384,19.07196823395106,69.25032136595074,2.0,175.90307275648587,V2,2736.7737163999122,0.0,0.7,1.0,0.0,0.0,0.0,25.0,0.0,5.062713214615393,19.941671497112452,17.530344553264722,0.0,0.0,0.5,0.5,1.0,0.9996789001296006,0.0321099870399414,Low_Foliar_Disease_Pressure_LWD
2025-09-12,255,14.927477117918775,4.082863914150988,25.54854040083514,0.5796162080319953,16.68032391953496,69.35441517255693,2.0,183.67484663974963,V2,2911.860879031617,0.0,0.7,0.994,0.0,0.0,0.0,0.0,0.0,4.249520457351563,18.849877221965166,18.735331585675837,0.0,0.0,0.9996789001296006,1.0,1.0,0.9996789001296006,0.0321099870399414,Low_Foliar_Disease_Pressure_LWD
2025-09-13,256,14.951165769321193,4.0809452421642725,24.900676225558968,0.4170205246337715,20.797429534260893,70.12814522997793,2.0,191.12279244992666,V2,3130.1637695961117,0.0,0.7,0.985,0.0,0.0,0.0,0.0,0.0,3.5718867045386573,17.748150466055638,19.81469209439827,0.0,0.0,0.9996789001296006,1.0,1.0,0.9996789001296006,0.0321099870399414,Low_Foliar_Disease_Pressure_LWD
2025-09-14,257,14.901697208494815,5.512299481868178,25.641817840497325,1.4832835808921923,16.427503191500353,69.91070832222451,2.0,198.94081902965752,V2,3302.588983588968,0.0,0.7,0.996,0.0,0.0,0.0,0.0,0.0,2.998148365512331,16.640189320765714,20.796391578714523,0.0,0.0,0.999631457091854,1.0,1.0,0.999631457091854,0.03685429081459773,Low_Foliar_Disease_Pressure_LWD
2025-09-15,258,14.81795786417063,4.477923304586841,25.372232423717826,1.3946158126603103,25.02168928748847,70.93507727858321,2.0,202.78387713558698,V2,3433.9528523482822,0.0,0.7,1.0,0.0,0.0,0.0,0.0,0.0,2.5177716227664675,15.553061103419857,21.60249956357715,0.0,0.0,0.5,0.5,1.0,0.9995850531374149,0.04149468625850974,Low_Foliar_Disease_Pressure_LWD
2025-09-16,259,15.024792887415868,4.94033627429349,25.34983107293303,0.0,25.818284720611015,69.82186525199586,2.0,206.62133490382024,V2,3569.49884713149,0.0,0.7,1.0,0.0,0.0,0.0,25.0,0.0,2.10785344871214,14.47787571350838,16.823490773805105,0.0,0.0,0.5,0.5,1.0,0.9995850531374149,0.04149468625850974,Low_Foliar_Disease_Pressure_LWD
2025-09-17,260,14.915896377260857,4.776176198862979,25.6661271424242,0.1891825307500151,16.24776938527968,69.39498261665554,2.0,214.45114816987905,V2,3740.029635087157,0.0,0.7,0.986,0.0,0.0,0.0,0.0,0.0,1.7723075826132688,13.465921454883832,17.470990898528523,0.0,0.0,0.9995850531374149,1.0,1.0,0.9995850531374149,0.04149468625850974,Low_Foliar_Disease_Pressure_LWD
2025-09-18,261,14.850213949700304,4.7281209652319935,25.774959848536767,0.6557671886788843,27.92963118969095,71.33166663872674,2.0,222.33535520909916,V2,4033.169074794141,0.0,0.7,0.982,0.0,0.0,0.0,0.0,0.0,1.4927502069623435,12.506529104643286,18.009940624419993,0.0,0.0,0.9995850531374149,1.0,1.0,0.9995850531374149,0.04149468625850974,Low_Foliar_Disease_Pressure_LWD
2025-09-19,262,14.833893456127592,4.618024295748555,25.617716434805335,0.0,27.027777034146908,71.10982025006237,2.0,230.14097316528415,V2,4316.842975194212,0.0,0.7,0.964,0.0,0.0,0.0,0.0,0.0,1.2618987517534996,11.61177157160397,18.435549612668154,0.0,0.0,0.9995850531374149,1.0,1.0,0.9995850531374149,0.04149468625850974,Low_Foliar_Disease_Pressure_LWD
2025-09-20,263,14.771267395781308,4.701919527746793,25.808065276413743,0.2834436850002566,25.166718125125435,69.04390034689777,2.0,238.04172604994602,V2,4580.983865575389,0.0,0.7,0.952,0.0,0.0,0.0,0.0,0.0,1.070117799771445,10.778477510193733,18.760624626060448,0.0,0.0,0.9995850531374149,1.0,1.0,0.9995850531374149,0.04149468625850974,Low_Foliar_Disease_Pressure_LWD
2025-09-21,264,14.995415054023466,5.452960249805281,24.81397147513974,0.0487781011550317,27.917601689315077,70.92262842812634,2.0,241.74521891873096,V2,4727.551274444293,0.0,0.7,1.0,0.0,0.0,0.0,30.0,0.0,0.8962849877123412,9.9356687619804,13.801250966688958,0.0,0.0,0.5,0.5,1.0,0.9995850531374149,0.04149468625850974,
2025-09-22,265,15.13644148398456,4.49976206384481,25.2717717936166,0.3657716033261903,15.617958940160833,70.32930307137288,2.0,249.37793632864333,V2,4891.471796773829,0.0,0.7,0.99,0.0,0.0,0.0,0.0,0.0,0.7505817959483859,9.144878959307503,14.03774396112581,0.0,0.0,0.9995850531374149,1.0,1.0,0.9995850531374149,0.04149468625850974,
2025-09-23,266,14.953033095083372,5.345923671344078,24.46063373607599,0.0347359652882823,24.18240626765525,70.77452143562512,2.0,256.60525299938143,V2,5145.281701241299,0.0,0.7,0.973,0.0,0.0,0.0,0.0,0.0,0.6323341903144807,8.429226749471967,14.171643776595253,0.0,0.0,0.9995850531374149,1.0,1.0,0.9995850531374149,0.04149468625850974,
2025-09-24,267,14.86641547796632,4.720433100699687,24.74291336670636,0.0,16.94799814035516,70.45246256316706,2.0,263.97365091991117,V2,5323.161840269146,0.0,0.7,0.956,0.0,0.0,0.0,0.0,0.0,0.5351104910730418,7.777323016939694,14.220771208368966,0.0,0.0,0.9995850531374149,1.0,1.0,0.9995850531374149,0.04149468625850974,Low_Foliar_Disease_Pressure_LWD
2025-09-25,268,15.078802424209515,4.766898772902555,25.01194580893477,1.582523474213238,24.7661452444878,70.21552448427572,2.0,271.47614384927334,V2,5583.085801555263,0.0,0.7,0.969,0.0,0.0,0.0,0.0,0.0,0.4503398954250143,7.150385475725689,14.232479345230999,0.0,0.0,0.9995363725463045,1.0,1.0,0.9995363725463045,0.04636274536955772,Low_Foliar_Disease_Pressure_LWD
2025-09-26,269,15.037767435464206,4.825503108872436,25.32385842054324,0.0136003072343756,17.485293410940525,70.428402765165,2.0,275.30710845440916,V2,5674.883591962701,0.0,0.7,1.0,0.0,0.0,0.0,30.0,0.0,0.37694706013173174,6.551050156558859,10.106777541539248,0.0,0.0,0.5,0.5,1.0,0.9995363725463045,0.04636274536955772,Low_Foliar_Disease_Pressure_LWD
2025-09-27,270,15.231075354788766,4.5501683017616354,25.994391880158386,1.475870993894592,26.038257797493465,70.0975118759173,2.0,279.3057064244488,V2,5811.584445399541,0.0,0.7,1.0,0.0,0.0,0.0,0.0,0.0,0.3146043731646188,5.988376421643737,9.96999267486161,0.0,0.0,0.5,0.5,1.0,0.9994740156920531,0.05259843079468988,Low_Foliar_Disease_Pressure_LWD
2025-09-28,271,14.987322237365243,5.120133914598757,25.115244540482585,0.0,21.46761014421881,69.97333467290231,2.0,286.8593535039705,V2,6036.875789840156,0.0,0.7,0.983,0.0,0.0,0.0,0.0,0.0,0.264399265548913,5.487925964215989,9.820648239905065,0.0,0.0,0.9994740156920531,1.0,1.0,0.9994740156920531,0.05259843079468988,Low_Foliar_Disease_Pressure_LWD
2025-09-29,272,15.275596681479366,4.796730645365463,25.552414240709087,0.0,21.29224604136329,70.15335329675689,2.0,294.6314704614044,V2,6260.326779707834,0.0,0.7,0.965,0.0,0.0,0.0,0.0,0.0,0.22205919077546307,5.024209138108835,9.626705140785669,0.0,0.0,0.9994740156920531,1.0,1.0,0.9994740156920531,0.05259843079468988,
2025-09-30,273,15.00599986468226,4.484152498977795,24.83775695942813,1.9984653542500683,20.580857337311745,70.09124335529067,2.0,302.04609487288997,V2,6476.301868155214,0.0,0.7,0.987,0.0,0.0,0.0,0.0,0.0,0.1864272347540903,4.595892631401931,9.390653603513947,0.0,0.0,0.9994265887707807,1.0,1.0,0.9994265887707807,0.05734112292193142,Low_Foliar_Disease_Pressure_LWD
2025-10-01,274,15.001070415446698,5.209708369622325,25.989348866027523,0.8081396945454795,26.545613539828487,70.3557132997327,2.0,306.04343208939684,V2,6615.666339239314,0.0,0.7,1.0,0.0,0.0,0.0,30.0,0.0,0.15613031467415356,4.196579436381728,6.252098079568309,0.0,0.0,0.5,0.5,1.0,0.9994265887707807,0.05734112292193142,Low_Foliar_Disease_Pressure_LWD
2025-10-02,275,14.939887747407134,4.350361114323439,24.85217284057829,0.6875671121383259,19.34013705979689,70.52808346341605,2.0,313.46526030834343,V2,6818.621334923651,0.0,0.7,0.996,0.0,0.0,0.0,0.0,0.0,0.13097747078830985,3.8330878028458395,5.940742556990041,0.0,0.0,0.9994265887707807,1.0,1.0,0.9994265887707807,0.05734112292193142,Low_Foliar_Disease_Pressure_LWD
2025-10-03,276,15.013426623863523,4.515766350199856,25.61185487645457,0.0,27.092955846625536,70.1613357538374,2.0,321.2667117401232,V2,7102.93424955951,0.0,0.7,0.979,0.0,0.0,0.0,0.0,0.0,0.11011907171746288,3.503233115183614,5.591455643723113,0.0,0.0,0.9994265887707807,1.0,1.0,0.9994265887707807,0.05734112292193142,Low_Foliar_Disease_Pressure_LWD
2025-10-04,277,15.184194107106217,4.0977286416423135,25.307703125627132,0.44389938299141846,27.44399152983796,69.69371109524793,2.0,328.91617449850384,V2,7390.930925347172,0.0,0.7,0.97,0.0,0.0,0.0,0.0,0.0,0.09251561821840214,3.1992164904063687,5.213075721999419,0.0,0.0,0.9994265887707807,1.0,1.0,0.9994265887707807,0.05734112292193142,Low_Foliar_Disease_Pressure_LWD
2025-10-05,278,15.195653213582654,4.428519046016779,25.76614545034269,0.2388750692507599,17.71072354488179,69.52374418898258,2.0,336.7947269812538,V2,7576.786889526969,0.0,0.7,0.957,0.0,0.0,0.0,0.0,0.0,0.0779117501907561,2.9239282498183052,4.802967830615128,0.0,0.0,0.9994265887707807,1.0,1.0,0.9994265887707807,0.05734112292193142,Low_Foliar_Disease_Pressure_LWD
2025-10-06,279,14.981068995518754,4.669542631648862,25.028191462701454,0.5539943874560322,16.78126730936231,69.66198631683437,2.0,340.55177484692916,V2,7664.888542901122,0.0,0.7,1.0,0.0,0.0,0.0,30.0,0.0,0.06526952763090826,2.6642860158628396,2.9833980495045243,0.0,0.0,0.5,0.5,1.0,0.9994265887707807,0.05734112292193142,Low_Foliar_Disease_Pressure_LWD
2025-10-07,280,15.154400151139432,5.370378698536006,25.782493345516585,0.0,17.833243152390004,69.60730872893457,2.0,348.4384965902328,V2,7852.030225291508,0.0,0.7,0.983,0.0,0.0,0.0,0.0,0.0,0.05471970764462625,2.4277808266514818,2.5304530587021645,0.0,0.0,0.9994265887707807,1.0,1.0,0.9994265887707807,0.05734112292193142,Low_Foliar_Disease_Pressure_LWD
2025-10-08,281,15.017873782541438,4.396485914786968,25.89572415120686,0.3266084500499188,15.639587390932004,69.56852828587886,2.0,356.38180127247375,V2,8016.151729788476,0.0,0.7,0.972,0.0,0.0,0.0,0.0,0.0,0.046064846537072206,2.2162276140506365,2.050661132410564,0.0,0.0,0.9994265887707807,1.0,1.0,0.9994265887707807,0.05734112292193142,Low_Foliar_Disease_Pressure_LWD
2025-10-09,282,14.973084465503957,4.3991106185946665,25.429343412626835,0.5179049229461492,24.18631101638572,70.55061455943216,2.0,364.092049299401,V2,8269.962374086059,0.0,0.7,0.964,0.0,0.0,0.0,0.0,75.0,63.31443864294044,12.70190663904698,2.596608311010862,0.0,0.0,0.9994265887707807,1.0,1.0,0.9994265887707807,0.05734112292193142,Low_Foliar_Disease_Pressure_LWD
2025-10-10,283,14.894741920818399,4.419491506702836,25.51350813940209,0.4475840712018871,26.00929140882391,68.94640898354466,2.0,371.84435555921624,V2,8542.903336671252,0.0,0.7,0.956,0.0,0.0,0.0,0.0,0.0,53.558179656302045,20.48066426305075,3.8741096736454814,0.0,0.0,0.9994265887707807,1.0,1.0,0.9994265887707807,0.05734112292193142,Low_Foliar_Disease_Pressure_LWD
2025-10-11,284,15.097209836333581,4.574239310668908,25.78974088284104,0.1896961987164699,22.47013013658795,70.41601827844295,2.0,375.7917907799265,V2,8660.871519888338,0.0,0.7,1.0,0.0,0.0,0.0,30.0,0.0,44.78989568866904,26.512665284474302,4.126790124179231,0.0,0.0,0.5,0.5,1.0,0.9994265887707807,0.05734112292193142,Low_Foliar_Disease_Pressure_LWD
2025-10-12,285,15.013031838635982,5.301685832044016,24.68909407555175,0.7627089133699125,25.772709431406355,70.46904627536522,2.0,383.1321263719574,V2,8931.329796127653,0.0,0.7,0.997,0.0,0.0,0.0,0.0,0.0,37.52609841829533,30.64635126859898,6.556901410428268,0.0,0.0,0.9994265887707807,1.0,1.0,0.9994265887707807,0.05734112292193142,Low_Foliar_Disease_Pressure_LWD
2025-10-13,286,15.103582565726308,4.908645256303602,25.577533952759023,1.230673299540216,21.927248568552,69.88734276650244,2.0,387.02650986014714,V2,9046.44785111255,0.0,0.7,1.0,0.0,0.0,0.0,0.0,0.0,31.379519305874023,33.34922180185801,9.281270588688168,0.0,0.0,0.5,0.5,1.0,0.9993784793966759,0.06215206033241419,Low_Foliar_Disease_Pressure_LWD
2025-10-14,287,15.104297539401193,4.99573533946259,25.16134559519835,1.5061657866769573,24.125255458310857,69.71833247583744,2.0,390.8168462589467,V2,9173.105442268683,0.0,0.7,1.0,0.0,0.0,0.0,0.0,0.0,26.23943733552956,34.886623138521486,12.105853118087003,0.0,0.0,0.5,0.5,1.0,0.9993186412100411,0.06813587899588636,Low_Foliar_Disease_Pressure_LWD
2025-10-15,288,15.175600667201065,5.710550189992909,25.21447345117911,0.4824589236949831,27.72969327920585,70.3765997232599,2.0,398.418899726926,V2,9464.068836062628,0.0,0.7,0.992,0.0,0.0,0.0,0.0,0.0,21.95250501952376,35.51636943741127,15.063039135203013,0.0,0.0,0.9993186412100411,1.0,1.0,0.9993186412100411,0.06813587899588636,Low_Foliar_Disease_Pressure_LWD
2025-10-16,289,15.149096058509102,4.510424570427186,25.515996083724275,1.145891199818239,24.85714863807239,69.46465118589369,2.0,402.29789874785706,V6,9594.568866412508,0.0,2.0,1.0,0.0,0.0,0.0,30.0,0.0,18.344310054190995,35.4499025771797,12.448553913092764,0.0,0.0,0.5,0.5,1.0,0.9992706586313158,0.07293413686841468,Low_Foliar_Disease_Pressure_LWD
2025-10-17,290,15.210012442202178,5.054398164397368,25.604686823547,1.004035529776041,23.24857830253256,70.27701087425385,2.0,410.094080518917,V6,10163.709219969389,0.0,2.0,0.99,0.0,0.0,0.0,0.0,0.0,15.34549407395496,34.85708305723795,14.040189413270546,0.0,0.0,0.9992102833227952,1.0,1.0,0.9992102833227952,0.07897166772048526,Low_Foliar_Disease_Pressure_LWD
2025-10-18,291,15.170414330724519,4.667943869043043,24.56212175651993,1.1573081137045085,20.122759556511596,69.76098893630251,2.0,417.36904469071277,V6,10656.304015267071,0.0,2.0,0.984,0.0,0.0,0.0,0.0,0.0,12.859583938671886,33.8861822667224,15.497000339069178,0.0,0.0,0.999162662341913,1.0,1.0,0.999162662341913,0.08373376580870658,Low_Foliar_Disease_Pressure_LWD
2025-10-19,292,14.985725988576407,4.384109087116559,24.699437934903816,0.0,16.972273999887697,70.0279628232762,2.0,424.71260946169684,V6,11071.776545922314,0.0,2.0,0.955,0.0,0.0,0.0,0.0,0.0,10.86612847800026,32.70137628015869,16.675261786304517,0.0,0.0,0.999162662341913,1.0,1.0,0.999162662341913,0.08373376580870658,Low_Foliar_Disease_Pressure_LWD
2025-10-20,293,14.987631110725909,4.10062426071412,25.57463965957261,0.0148704913294238,19.41194264702672,69.58520227009247,2.0,432.4934086753341,V6,11546.97090918489,0.0,2.0,0.926,0.0,0.0,0.0,0.0,0.0,9.232603497728467,31.385399235852358,17.624763810882644,0.0,0.0,0.999162662341913,1.0,1.0,0.999162662341913,0.08373376580870658,Low_Foliar_Disease_Pressure_LWD
2025-10-21,294,15.21790314081341,4.719967457902543,25.167152240323816,0.0,25.874865590258867,69.8678625621943,2.0,436.285196735415,V6,11863.938012665561,0.0,2.0,1.0,0.0,0.0,0.0,30.0,0.0,7.707157763097093,29.80361381975387,13.61612349046699,0.0,0.0,0.5,0.5,1.0,0.999162662341913,0.08373376580870658,Low_Foliar_Disease_Pressure_LWD
2025-10-22,295,15.21112695314092,4.311786179999652,24.5849553230471,0.3191676404400034,17.67939804227852,68.72192263279167,2.0,443.5715681307718,V6,12296.720575870435,0.0,2.0,0.977,0.0,0.0,0.0,0.0,0.0,6.463678086296223,28.18471313545679,14.478503851564941,0.0,0.0,0.999162662341913,1.0,1.0,0.999162662341913,0.08373376580870658,Low_Foliar_Disease_Pressure_LWD
2025-10-23,296,15.180294599607969,5.3490328209556814,25.69966897453846,1.3203843888839666,23.92190585901381,69.7884432107784,2.0,451.4144570613428,V6,12882.288698181845,0.0,2.0,0.974,0.0,0.0,0.0,0.0,0.0,5.426451103062727,26.54237025248676,15.158073717768467,0.0,0.0,0.9991151970516651,1.0,1.0,0.9991151970516651,0.08848029483349086,
2025-10-24,297,14.867601240254915,4.504510561362488,25.76524454413134,0.0362117824743381,25.89080019164784,70.73791605099204,2.0,459.2901047659815,V6,13516.052050596782,0.0,2.0,0.946,0.0,0.0,0.0,0.0,0.0,4.600765642300488,24.988451989344334,15.537677441673132,0.0,0.0,0.9991151970516651,1.0,1.0,0.9991151970516651,0.08848029483349086,Low_Foliar_Disease_Pressure_LWD
2025-10-25,298,15.088168973258675,4.81339041485019,25.51814848106614,1.3536426186969328,20.48619285942161,70.26172988995614,2.0,467.04195389150306,V6,14017.496404181902,0.0,2.0,0.943,0.0,0.0,0.0,0.0,0.0,3.8909742793102056,23.432733330287945,15.803187463719805,0.0,0.0,0.9990688173888417,1.0,1.0,0.9990688173888417,0.09311826111583299,Low_Foliar_Disease_Pressure_LWD
2025-10-26,299,14.926484712652226,4.572397721258495,25.416294010546515,0.0718039735631163,15.329416592574388,70.20991426005268,2.0,470.8960273941397,V6,14205.281757440938,0.0,2.0,1.0,0.0,0.0,0.0,30.0,0.0,3.262266535074876,21.839799287278936,11.410254789452559,0.0,0.0,0.5,0.5,1.0,0.9990688173888417,0.09311826111583299,Low_Foliar_Disease_Pressure_LWD
2025-10-27,300,15.218630584478518,5.3554211073712255,25.55431102383053,0.1088857111658479,27.98926106718178,70.24526836448213,2.0,478.665940954078,V6,14890.38010731337,0.0,2.0,0.973,0.0,0.0,0.0,0.0,0.0,2.737786742600008,20.30968433282185,11.464849536384513,0.0,0.0,0.9990688173888417,1.0,1.0,0.9990688173888417,0.09311826111583299,Low_Foliar_Disease_Pressure_LWD
2025-10-28,301,15.061948407213151,4.0817939289055625,25.40526859410968,0.1214278338356587,16.55079213997095,69.82720126842298,2.0,486.3614026920153,V6,15295.49692540154,0.0,2.0,0.947,0.0,0.0,0.0,0.0,0.0,2.314467927160528,18.901143817372965,11.296708867272876,0.0,0.0,0.9990688173888417,1.0,1.0,0.9990688173888417,0.09311826111583299,Low_Foliar_Disease_Pressure_LWD
2025-10-29,302,15.399662426487167,4.509754317287023,25.51476632875796,0.0,21.515590821632912,69.97758275843107,2.0,494.1115623160835,V6,15822.13804440252,0.0,2.0,0.918,0.0,0.0,0.0,0.0,0.0,1.9585927317934004,17.56502990792547,10.988697972087499,0.0,0.0,0.9990688173888417,1.0,1.0,0.9990688173888417,0.09311826111583299,Low_Foliar_Disease_Pressure_LWD
2025-10-30,303,14.912626235964966,5.018544229691049,25.682074476994515,0.0,17.518330209804557,70.24983417071246,2.0,501.9452981170508,V6,16250.937471813268,0.0,2.0,0.889,0.0,0.0,0.0,0.0,0.0,1.677551207169928,16.38277965384983,10.451989750786609,0.0,0.0,0.9990688173888417,1.0,1.0,0.9990688173888417,0.09311826111583299,Low_Foliar_Disease_Pressure_LWD
2025-10-31,304,15.227900322188296,4.514029211625738,25.66923382297745,0.2567899622914176,19.62912643162024,69.18435170747937,2.0,505.8626065727952,V6,16491.394270600616,0.0,2.0,1.0,0.0,0.0,0.0,30.0,0.0,1.4001702052472973,15.086025337871023,7.261667251232224,0.0,0.0,0.5,0.5,1.0,0.9990688173888417,0.09311826111583299,Low_Foliar_Disease_Pressure_LWD
2025-11-01,305,15.055257645408318,4.249873714588619,25.17097503011962,0.2688545578993588,15.31799221102638,70.10433935527853,2.0,513.4410306137838,V6,16866.335615495136,0.0,2.0,0.976,0.0,0.0,0.0,0.0,0.0,1.1771592953687793,13.915702743343463,6.6550007556383015,0.0,0.0,0.9990688173888417,1.0,1.0,0.9990688173888417,0.09311826111583299,Low_Foliar_Disease_Pressure_LWD
2025-11-02,306,14.969464468749782,4.729049483588408,25.1950415481541,0.082821605545326,23.61507707537525,69.83090525788238,2.0,521.0314767086281,V6,17444.366250088053,0.0,2.0,0.949,0.0,0.0,0.0,0.0,0.0,0.9960530172822621,12.85749593231461,5.894313844753673,0.0,0.0,0.9990688173888417,1.0,1.0,0.9990688173888417,0.09311826111583299,Low_Foliar_Disease_Pressure_LWD
2025-11-03,307,15.101032271887709,4.896366962502381,25.03552271172604,2.072908844585425,19.548394794778744,69.90838943183819,2.0,528.5418898817193,V6,17922.833790267723,0.0,2.0,0.96,0.0,0.0,0.0,0.0,0.0,0.8394611445951496,11.844958769647382,5.0634428801080125,0.0,0.0,0.9990225570586734,1.0,1.0,0.9990225570586734,0.09774429413266676,Low_Foliar_Disease_Pressure_LWD
2025-11-04,308,14.873255106452497,4.5223374480721645,25.051216607795663,0.2067864210696236,25.297087766963543,69.71672773337086,2.0,536.0601423329013,V6,18542.006642291417,0.0,2.0,0.935,0.0,0.0,0.0,0.0,0.0,0.7131590367074415,10.942032277299752,4.092671480343351,0.0,0.0,0.9990225570586734,1.0,1.0,0.9990225570586734,0.09774429413266676,Low_Foliar_Disease_Pressure_LWD
2025-11-05,309,15.029123179910615,4.428593941345779,25.533152741916304,0.0,18.669954992822333,69.60141463763357,2.0,539.9434305183803,V6,18770.71359095349,0.0,2.0,1.0,0.0,0.0,0.0,30.0,0.0,0.5970110750058458,10.029048864147049,1.8346235557916941,0.0,0.0,0.5,0.5,1.0,0.9990225570586734,0.09774429413266676,Low_Foliar_Disease_Pressure_LWD
2025-11-06,310,14.824644566554971,4.379546125960823,25.170239591665524,0.5270663374098818,21.013166944595223,71.05916183915593,2.0,547.5211362924096,V6,19285.032971389304,0.0,2.0,0.981,0.0,0.0,0.0,0.0,0.0,0.5031237975395811,9.2132474281534,0.7443122692516067,0.0,0.0,0.9990225570586734,1.0,1.0,0.9990225570586734,0.09774429413266676,Low_Foliar_Disease_Pressure_LWD
2025-11-07,311,14.993503512369522,4.558511638261177,25.469170118555077,0.0,25.964582247901724,69.5270227636324,2.0,555.2481612361169,V6,19920.54345347065,0.0,2.0,0.952,0.0,0.0,0.0,0.0,0.0,0.425329441656783,8.035354053287804,0.0,0.0,0.0,0.9990225570586734,1.0,1.0,0.9990225570586734,0.09774429413266676,Low_Foliar_Disease_Pressure_LWD
2025-11-08,312,15.112083063353973,4.198413118631092,25.66511873412397,0.5130339502755867,21.68683809347297,69.34409387771275,2.0,563.073064723313,V6,20451.351644413793,0.0,2.0,0.933,0.0,0.0,0.0,0.0,0.0,0.3602882043390576,6.10039529060553,0.0,0.0,0.0,0.9990225570586734,1.0,1.0,0.9990225570586734,0.09774429413266676,
2025-11-09,313,14.975229961507031,4.557726896160094,25.12012652804672,0.4336231944808544,22.52770488827668,71.10072411469257,2.0,570.6257384568629,V6,21002.740935296453,0.0,2.0,0.913,0.0,0.0,0.0,0.0,0.0,0.3069367947978793,4.153746700146708,0.0,0.0,0.0,0.9990225570586734,1.0,1.0,0.9990225570586734,0.09774429413266676,
2025-11-10,314,14.95006276625798,4.749676216803719,25.13638544476671,0.1842457360794195,17.49425669220117,70.31337196251575,2.0,574.4098348180546,V6,21217.045579775917,0.0,2.0,1.0,0.0,0.0,0.0,30.0,0.0,0.257251160324047,2.1095014695777574,0.0,0.0,0.0,0.5,0.5,1.0,0.9990225570586734,0.09774429413266676,Low_Foliar_Disease_Pressure_LWD
2025-11-11,315,15.224889134639406,5.298920449186018,25.447045533890616,1.107368796783663,15.652449760627462,69.97333790496243,2.0,582.1253531556497,V6,21600.13316643971,0.0,2.0,0.992,0.0,0.0,0.0,0.0,0.0,0.2150648961935154,0.15168773370828914,0.0,0.0,0.0,0.9989636297332452,1.0,1.0,0.9989636297332452,0.10363702667548257,Low_Foliar_Disease_Pressure_LWD
2025-11-12,316,15.031516147206053,4.740636377130151,24.7142857250099,1.9202267423463493,15.354117935102318,69.3572119781431,2.0,582.8122002261358,V6,21635.252140266566,0.0,2.0,1.0,0.0,0.0,0.0,0.0,0.0,0.18003212535047802,0.0,0.0,0.0,0.0,0.09335785417278337,0.5,0.09335785417278337,0.9989185290855048,0.1081470914495225,Low_Foliar_Disease_Pressure_LWD
2025-11-13,317,15.087568175623339,4.484640558230787,25.544787604780016,0.3964236810702991,27.7240038796656,70.29313434054721,2.0,582.9242539958088,V6,21645.0446431931,0.0,2.0,0.979,0.0,0.0,0.0,0.0,0.0,0.15119833938390445,0.0,0.0,0.0,0.0,0.014416892983286788,1.0,0.014416892983286788,0.9989185290855048,0.1081470914495225,Low_Foliar_Disease_Pressure_LWD
